,sku,stock,stock_mean,mean_diff
0,sku_1,169,49.0,120.0
1,sku_804,11,5.0,6.0
2,sku_1513,6,6.0,0.0
3,sku_803,4,2.0,2.0
4,sku_1514,3,6.0,-3.0
5,sku_802,4,2.0,2.0
6,sku_1515,5,7.0,-2.0
7,sku_801,2,6.0,-4.0
8,sku_1516,4,1.0,3.0
9,sku_800,2,2.0,0.0
10,sku_1518,2,1.0,1.0
11,sku_799,0,1.0,-1.0
12,sku_1519,2,1.0,1.0
13,sku_798,5,2.0,3.0
14,sku_1520,5,1.0,4.0
15,sku_797,7,6.0,1.0
16,sku_1521,6,1.0,5.0
17,sku_796,10,6.0,4.0
18,sku_789,19,9.0,10.0
19,sku_1527,14,6.0,8.0
20,sku_790,9,7.0,2.0
21,sku_2895,0,6.0,-6.0
22,sku_791,1,1.0,0.0
23,sku_1526,49,11.0,38.0
24,sku_2894,0,0.0,-0.0
25,sku_792,1,0.0,1.0
26,sku_793,5,6.0,-1.0
27,sku_1524,0,6.0,-6.0
28,sku_794,2,5.0,-3.0
29,sku_1523,104,42.0,62.0
30,sku_795,6,7.0,-1.0
31,sku_1522,18,7.0,11.0
32,sku_1525,11,2.0,9.0
33,sku_805,4,3.0,1.0
34,sku_1512,5,5.0,0.0
35,sku_806,6,2.0,4.0
36,sku_815,1,0.0,1.0
37,sku_1503,38,11.0,27.0
38,sku_816,14,9.0,5.0
39,sku_2891,0,0.0,-0.0
40,sku_817,3,4.0,-1.0
41,sku_1502,0,3.0,-3.0
42,sku_2892,0,1.0,-1.0
43,sku_818,7,1.0,6.0
44,sku_819,5,1.0,4.0
45,sku_2890,0,3.0,-3.0
46,sku_820,13,5.0,8.0
47,sku_1499,4,3.0,1.0
48,sku_821,3,2.0,1.0
49,sku_1498,3,4.0,-1.0
50,sku_1501,5,3.0,2.0
51,sku_1528,14,2.0,12.0
52,sku_814,6,3.0,3.0
53,sku_813,5,1.0,4.0
54,sku_1511,0,0.0,-0.0
55,sku_807,11,4.0,7.0
56,sku_1510,6,4.0,2.0
57,sku_808,6,3.0,3.0
58,sku_1509,12,6.0,6.0
59,sku_809,8,6.0,2.0
60,sku_1504,0,9.0,-9.0
61,sku_1508,0,5.0,-5.0
62,sku_1507,40,8.0,32.0
63,sku_811,10,8.0,2.0
64,sku_2893,2,2.0,0.0
65,sku_812,8,6.0,2.0
66,sku_1506,3,5.0,-2.0
67,sku_1505,9,2.0,7.0
68,sku_810,1,0.0,1.0
69,sku_788,7,5.0,2.0
70,sku_1529,40,10.0,30.0
71,sku_787,5,5.0,-0.0
72,sku_762,12,8.0,4.0
73,sku_1550,0,0.0,-0.0
74,sku_763,28,9.0,19.0
75,sku_1549,12,8.0,4.0
76,sku_764,7,2.0,5.0
77,sku_1548,4,4.0,0.0
78,sku_1551,10,8.0,2.0
79,sku_765,1,0.0,1.0
80,sku_766,20,2.0,18.0
81,sku_1546,6,4.0,2.0
82,sku_767,0,1.0,-1.0
83,sku_1545,9,7.0,2.0
84,sku_768,4,1.0,3.0
85,sku_1544,12,9.0,3.0
86,sku_1547,9,7.0,2.0
87,sku_769,14,4.0,10.0
88,sku_761,7,7.0,0.0
89,sku_760,61,28.0,33.0
90,sku_1560,10,6.0,4.0
91,sku_754,10,11.0,-1.0
92,sku_1559,13,15.0,-2.0
93,sku_1558,3,5.0,-2.0
94,sku_755,5,9.0,-4.0
95,sku_1557,5,6.0,-1.0
96,sku_1552,8,7.0,1.0
97,sku_756,7,6.0,1.0
98,sku_757,8,6.0,2.0
99,sku_1555,18,8.0,10.0
100,sku_758,3,5.0,-2.0
101,sku_1554,6,7.0,-1.0
102,sku_759,1,11.0,-10.0
103,sku_1553,6,11.0,-5.0
104,sku_1556,5,5.0,-0.0
105,sku_822,33,18.0,15.0
106,sku_1543,7,12.0,-5.0
107,sku_1542,15,8.0,7.0
108,sku_780,22,12.0,10.0
109,sku_2898,2,2.0,0.0
110,sku_781,0,2.0,-2.0
111,sku_2897,2,2.0,0.0
112,sku_782,11,7.0,4.0
113,sku_2896,0,0.0,0.0
114,sku_1534,4,2.0,2.0
115,sku_783,7,6.0,1.0
116,sku_784,3,5.0,-2.0
117,sku_1532,5,3.0,2.0
118,sku_785,1,0.0,1.0
119,sku_1531,8,3.0,5.0
120,sku_786,4,8.0,-4.0
121,sku_1530,10,4.0,6.0
122,sku_1533,3,1.0,2.0
123,sku_770,0,5.0,-5.0
124,sku_779,0,0.0,-0.0
125,sku_778,1,0.0,1.0
126,sku_771,2,1.0,1.0
127,sku_1541,30,14.0,16.0
128,sku_772,12,8.0,4.0
129,sku_1540,20,12.0,8.0
130,sku_773,0,2.0,-2.0
131,sku_1539,5,8.0,-3.0
132,sku_1535,6,3.0,3.0
133,sku_774,0,1.0,-1.0
134,sku_775,3,2.0,1.0
135,sku_1538,14,13.0,1.0
136,sku_776,2,1.0,1.0
137,sku_1537,6,6.0,0.0
138,sku_777,0,0.0,-0.0
139,sku_1536,5,5.0,0.0
140,sku_2899,0,1.0,-1.0
141,sku_1497,10,9.0,1.0
142,sku_823,6,7.0,-1.0
143,sku_1496,28,26.0,2.0
144,sku_869,0,0.0,-0.0
145,sku_1461,8,6.0,2.0
146,sku_870,0,0.0,-0.0
147,sku_1460,19,3.0,16.0
148,sku_1459,13,7.0,6.0
149,sku_871,0,0.0,-0.0
150,sku_2879,18,3.0,15.0
151,sku_1458,9,7.0,2.0
152,sku_1457,7,8.0,-1.0
153,sku_873,0,0.0,-0.0
154,sku_1456,0,2.0,-2.0
155,sku_874,8,7.0,1.0
156,sku_1455,0,3.0,-3.0
157,sku_875,3,6.0,-3.0
158,sku_872,0,0.0,-0.0
159,sku_1454,13,9.0,4.0
160,sku_868,4,7.0,-3.0
161,sku_867,1,5.0,-4.0
162,sku_860,8,7.0,1.0
163,sku_2880,9,8.0,1.0
164,sku_861,4,5.0,-1.0
165,sku_1468,8,8.0,0.0
166,sku_862,0,0.0,-0.0
167,sku_1467,17,10.0,7.0
168,sku_1462,32,12.0,20.0
169,sku_863,0,4.0,-4.0
170,sku_864,4,6.0,-2.0
171,sku_1465,30,10.0,20.0
172,sku_865,11,3.0,8.0
173,sku_1464,43,12.0,31.0
174,sku_866,19,8.0,11.0
175,sku_1463,30,6.0,24.0
176,sku_1466,17,8.0,9.0
177,sku_2881,2,2.0,0.0
178,sku_876,1,0.0,1.0
179,sku_877,5,1.0,4.0
180,sku_2878,0,0.0,-0.0
181,sku_887,0,0.0,-0.0
182,sku_1443,51,34.0,17.0
183,sku_888,0,0.0,-0.0
184,sku_1442,11,5.0,6.0
185,sku_889,7,8.0,-1.0
186,sku_886,13,4.0,9.0
187,sku_1441,6,7.0,-1.0
188,sku_1440,4,5.0,-1.0
189,sku_891,9,2.0,7.0
190,sku_1439,3,3.0,-0.0
191,sku_892,10,3.0,7.0
192,sku_1438,6,7.0,-1.0
193,sku_893,13,10.0,3.0
194,sku_890,8,2.0,6.0
195,sku_1453,10,7.0,3.0
196,sku_1444,0,0.0,-0.0
197,sku_1445,5,7.0,-2.0
198,sku_1452,7,5.0,2.0
199,sku_878,7,1.0,6.0
200,sku_1451,6,7.0,-1.0
201,sku_879,6,5.0,1.0
202,sku_1450,6,7.0,-1.0
203,sku_880,4,13.0,-9.0
204,sku_885,0,4.0,-4.0
205,sku_1449,18,7.0,11.0
206,sku_1448,4,3.0,1.0
207,sku_882,0,0.0,-0.0
208,sku_1447,1,3.0,-2.0
209,sku_883,3,2.0,1.0
210,sku_1446,6,5.0,1.0
211,sku_884,0,0.0,-0.0
212,sku_881,0,0.0,-0.0
213,sku_753,10,3.0,7.0
214,sku_859,4,3.0,1.0
215,sku_858,7,9.0,-2.0
216,sku_833,0,0.0,-0.0
217,sku_1487,19,5.0,14.0
218,sku_834,3,2.0,1.0
219,sku_1486,6,2.0,4.0
220,sku_835,4,3.0,1.0
221,sku_1485,0,1.0,-1.0
222,sku_2889,2,2.0,0.0
223,sku_836,17,13.0,4.0
224,sku_837,1,0.0,1.0
225,sku_1483,0,1.0,-1.0
226,sku_838,5,1.0,4.0
227,sku_2888,0,5.0,-5.0
228,sku_839,6,1.0,5.0
229,sku_1482,7,1.0,6.0
230,sku_1484,0,1.0,-1.0
231,sku_840,6,1.0,5.0
232,sku_832,0,1.0,-1.0
233,sku_831,2,3.0,-1.0
234,sku_824,5,0.0,5.0
235,sku_1495,20,3.0,17.0
236,sku_825,1,4.0,-3.0
237,sku_1494,6,1.0,5.0
238,sku_826,2,6.0,-4.0
239,sku_1493,0,3.0,-3.0
240,sku_1488,0,7.0,-7.0
241,sku_827,5,2.0,3.0
242,sku_828,4,9.0,-5.0
243,sku_1491,33,21.0,12.0
244,sku_829,4,6.0,-2.0
245,sku_1490,0,2.0,-2.0
246,sku_830,10,10.0,-0.0
247,sku_1489,54,33.0,21.0
248,sku_1492,9,9.0,0.0
249,sku_2882,1,2.0,-1.0
250,sku_2887,2,2.0,0.0
251,sku_1481,3,4.0,-1.0
252,sku_851,6,8.0,-2.0
253,sku_1473,8,5.0,3.0
254,sku_852,7,6.0,1.0
255,sku_1472,8,7.0,1.0
256,sku_853,43,21.0,22.0
257,sku_1471,5,10.0,-5.0
258,sku_1474,11,8.0,3.0
259,sku_854,4,1.0,3.0
260,sku_855,5,7.0,-2.0
261,sku_1470,20,3.0,17.0
262,sku_856,0,4.0,-4.0
263,sku_1469,8,4.0,4.0
264,sku_857,6,5.0,1.0
265,sku_2883,0,0.0,-0.0
266,sku_2884,0,6.0,-6.0
267,sku_841,5,8.0,-3.0
268,sku_850,6,2.0,4.0
269,sku_849,4,1.0,3.0
270,sku_842,24,33.0,-9.0
271,sku_1480,13,9.0,4.0
272,sku_843,12,5.0,7.0
273,sku_1479,0,4.0,-4.0
274,sku_844,6,6.0,0.0
275,sku_2886,0,0.0,-0.0
276,sku_1475,6,6.0,0.0
277,sku_845,1,0.0,1.0
278,sku_846,10,1.0,9.0
279,sku_1478,7,6.0,1.0
280,sku_847,11,1.0,10.0
281,sku_1477,5,2.0,3.0
282,sku_848,6,1.0,5.0
283,sku_1476,7,5.0,2.0
284,sku_2885,0,0.0,-0.0
285,sku_1437,9,9.0,-0.0
286,sku_2900,0,5.0,-5.0
287,sku_1561,0,4.0,-4.0
288,sku_1645,0,3.0,-3.0
289,sku_661,4,1.0,3.0
290,sku_1646,10,5.0,5.0
291,sku_660,3,6.0,-3.0
292,sku_1647,5,1.0,4.0
293,sku_659,0,3.0,-3.0
294,sku_1648,7,10.0,-3.0
295,sku_658,25,18.0,7.0
296,sku_1649,0,5.0,-5.0
297,sku_657,4,10.0,-6.0
298,sku_1650,7,2.0,5.0
299,sku_656,7,7.0,0.0
300,sku_1651,4,1.0,3.0
301,sku_655,0,0.0,-0.0
302,sku_2909,1,0.0,1.0
303,sku_654,6,8.0,-2.0
304,sku_1652,0,1.0,-1.0
305,sku_1659,6,1.0,5.0
306,sku_647,7,8.0,-1.0
307,sku_1658,4,1.0,3.0
308,sku_648,4,5.0,-1.0
309,sku_1657,26,16.0,10.0
310,sku_649,3,8.0,-5.0
311,sku_662,4,1.0,3.0
312,sku_1656,5,1.0,4.0
313,sku_1655,1,1.0,0.0
314,sku_651,1,3.0,-2.0
315,sku_1654,0,2.0,-2.0
316,sku_652,0,4.0,-4.0
317,sku_1653,320,45.0,275.0
318,sku_653,5,5.0,0.0
319,sku_650,2,4.0,-2.0
320,sku_1644,15,7.0,8.0
321,sku_663,6,7.0,-1.0
322,sku_1642,6,4.0,2.0
323,sku_673,5,6.0,-1.0
324,sku_1632,7,1.0,6.0
325,sku_674,0,0.0,-0.0
326,sku_1631,0,2.0,-2.0
327,sku_675,6,9.0,-3.0
328,sku_1630,5,2.0,3.0
329,sku_1633,0,1.0,-1.0
330,sku_676,21,12.0,9.0
331,sku_677,23,17.0,6.0
332,sku_1628,6,1.0,5.0
333,sku_678,5,5.0,-0.0
334,sku_1627,4,1.0,3.0
335,sku_679,0,5.0,-5.0
336,sku_1626,150,30.0,120.0
337,sku_1629,14,3.0,11.0
338,sku_646,10,10.0,-0.0
339,sku_672,6,8.0,-2.0
340,sku_671,7,6.0,1.0
341,sku_664,8,23.0,-15.0
342,sku_1641,0,5.0,-5.0
343,sku_665,3,2.0,1.0
344,sku_1640,185,10.0,175.0
345,sku_666,5,1.0,4.0
346,sku_1639,8,8.0,-0.0
347,sku_1634,2,1.0,1.0
348,sku_667,8,5.0,3.0
349,sku_668,12,2.0,10.0
350,sku_1637,14,7.0,7.0
351,sku_669,44,24.0,20.0
352,sku_1636,5,1.0,4.0
353,sku_670,5,8.0,-3.0
354,sku_1635,26,5.0,21.0
355,sku_1638,16,5.0,11.0
356,sku_1660,18,3.0,15.0
357,sku_645,8,6.0,2.0
358,sku_1661,8,4.0,4.0
359,sku_620,0,4.0,-4.0
360,sku_1683,0,0.0,-0.0
361,sku_621,3,4.0,-1.0
362,sku_1682,9,6.0,3.0
363,sku_622,6,3.0,3.0
364,sku_1681,20,14.0,6.0
365,sku_1684,40,7.0,33.0
366,sku_623,2,3.0,-1.0
367,sku_624,4,5.0,-1.0
368,sku_1679,8,5.0,3.0
369,sku_625,3,3.0,-0.0
370,sku_1678,4,5.0,-1.0
371,sku_626,10,12.0,-2.0
372,sku_1677,14,9.0,5.0
373,sku_1680,3,2.0,1.0
374,sku_627,6,6.0,-0.0
375,sku_619,4,5.0,-1.0
376,sku_618,17,12.0,5.0
377,sku_611,11,8.0,3.0
378,sku_1692,7,5.0,2.0
379,sku_612,3,4.0,-1.0
380,sku_1691,12,6.0,6.0
381,sku_613,5,6.0,-1.0
382,sku_1690,8,2.0,6.0
383,sku_1685,5,1.0,4.0
384,sku_614,5,6.0,-1.0
385,sku_615,6,5.0,1.0
386,sku_1688,0,1.0,-1.0
387,sku_616,9,4.0,5.0
388,sku_1687,12,0.0,12.0
389,sku_617,1,0.0,1.0
390,sku_1686,1,0.0,1.0
391,sku_1689,0,3.0,-3.0
392,sku_680,9,10.0,-1.0
393,sku_1676,11,7.0,4.0
394,sku_1675,0,1.0,-1.0
395,sku_638,8,6.0,2.0
396,sku_2910,0,0.0,-0.0
397,sku_1667,18,11.0,7.0
398,sku_639,8,6.0,2.0
399,sku_1666,8,8.0,-0.0
400,sku_640,4,8.0,-4.0
401,sku_2911,0,0.0,-0.0
402,sku_1665,7,5.0,2.0
403,sku_1664,7,11.0,-4.0
404,sku_642,0,2.0,-2.0
405,sku_1663,5,3.0,2.0
406,sku_643,11,10.0,1.0
407,sku_1662,6,3.0,3.0
408,sku_644,0,0.0,-0.0
409,sku_641,16,7.0,9.0
410,sku_628,15,5.0,10.0
411,sku_637,5,5.0,0.0
412,sku_636,2,5.0,-3.0
413,sku_629,0,4.0,-4.0
414,sku_1674,15,12.0,3.0
415,sku_630,14,9.0,5.0
416,sku_1673,33,8.0,25.0
417,sku_631,7,11.0,-4.0
418,sku_1672,9,9.0,-0.0
419,sku_2912,0,0.0,0.0
420,sku_632,0,6.0,-6.0
421,sku_633,5,3.0,2.0
422,sku_1670,7,8.0,-1.0
423,sku_634,6,4.0,2.0
424,sku_1669,7,7.0,-0.0
425,sku_635,0,1.0,-1.0
426,sku_1668,11,6.0,5.0
427,sku_1671,19,9.0,10.0
428,sku_1625,8,8.0,0.0
429,sku_681,0,1.0,-1.0
430,sku_1624,4,6.0,-2.0
431,sku_1582,12,8.0,4.0
432,sku_727,6,5.0,1.0
433,sku_1581,8,8.0,-0.0
434,sku_728,0,2.0,-2.0
435,sku_1580,3,5.0,-2.0
436,sku_729,5,6.0,-1.0
437,sku_726,16,12.0,4.0
438,sku_1579,0,2.0,-2.0
439,sku_1578,0,3.0,-3.0
440,sku_731,12,8.0,4.0
441,sku_1577,7,6.0,1.0
442,sku_732,11,19.0,-8.0
443,sku_1576,4,8.0,-4.0
444,sku_733,0,4.0,-4.0
445,sku_730,0,3.0,-3.0
446,sku_1575,5,4.0,1.0
447,sku_1583,11,11.0,0.0
448,sku_1584,6,5.0,1.0
449,sku_1590,8,6.0,2.0
450,sku_718,0,0.0,-0.0
451,sku_1589,9,7.0,2.0
452,sku_719,10,9.0,1.0
453,sku_1588,5,4.0,1.0
454,sku_720,6,10.0,-4.0
455,sku_725,0,3.0,-3.0
456,sku_1587,6,5.0,1.0
457,sku_1586,6,9.0,-3.0
458,sku_722,7,6.0,1.0
459,sku_2905,1,2.0,-1.0
460,sku_723,18,14.0,4.0
461,sku_1585,13,8.0,5.0
462,sku_724,0,3.0,-3.0
463,sku_721,8,9.0,-1.0
464,sku_717,0,1.0,-1.0
465,sku_734,3,4.0,-1.0
466,sku_735,1,9.0,-8.0
467,sku_1566,8,4.0,4.0
468,sku_745,8,8.0,0.0
469,sku_1565,12,5.0,7.0
470,sku_746,0,0.0,-0.0
471,sku_1564,8,5.0,3.0
472,sku_747,1,3.0,-2.0
473,sku_744,11,7.0,4.0
474,sku_1563,19,11.0,8.0
475,sku_1562,16,10.0,6.0
476,sku_749,6,4.0,2.0
477,sku_2902,2,2.0,0.0
478,sku_750,0,1.0,-1.0
479,sku_2901,2,2.0,0.0
480,sku_751,8,6.0,2.0
481,sku_748,9,6.0,3.0
482,sku_1574,7,4.0,3.0
483,sku_2903,2,2.0,0.0
484,sku_1567,8,5.0,3.0
485,sku_1573,9,5.0,4.0
486,sku_736,20,8.0,12.0
487,sku_2904,1,1.0,0.0
488,sku_737,9,5.0,4.0
489,sku_1572,0,3.0,-3.0
490,sku_738,9,5.0,4.0
491,sku_743,21,8.0,13.0
492,sku_1571,23,7.0,16.0
493,sku_1570,5,6.0,-1.0
494,sku_740,21,5.0,16.0
495,sku_1569,12,11.0,1.0
496,sku_741,0,3.0,-3.0
497,sku_1568,5,6.0,-1.0
498,sku_742,0,8.0,-8.0
499,sku_739,5,5.0,0.0
500,sku_752,5,3.0,2.0
501,sku_1591,4,4.0,-0.0
502,sku_1592,6,9.0,-3.0
503,sku_691,14,8.0,6.0
504,sku_1614,4,1.0,3.0
505,sku_692,4,4.0,-0.0
506,sku_1613,6,3.0,3.0
507,sku_693,0,1.0,-1.0
508,sku_1612,6,4.0,2.0
509,sku_1615,11,3.0,8.0
510,sku_694,5,5.0,-0.0
511,sku_695,10,7.0,3.0
512,sku_1610,9,3.0,6.0
513,sku_696,1,0.0,1.0
514,sku_1609,14,11.0,3.0
515,sku_2908,10,9.0,1.0
516,sku_697,8,8.0,0.0
517,sku_1611,1,3.0,-2.0
518,sku_1608,3,7.0,-4.0
519,sku_690,0,2.0,-2.0
520,sku_689,0,4.0,-4.0
521,sku_682,9,6.0,3.0
522,sku_1623,10,6.0,4.0
523,sku_683,4,5.0,-1.0
524,sku_1622,8,9.0,-1.0
525,sku_684,0,1.0,-1.0
526,sku_1621,0,8.0,-8.0
527,sku_1616,21,2.0,19.0
528,sku_685,0,1.0,-1.0
529,sku_686,0,2.0,-2.0
530,sku_1619,18,1.0,17.0
531,sku_687,1,2.0,-1.0
532,sku_1618,8,1.0,7.0
533,sku_688,1,6.0,-5.0
534,sku_1617,6,1.0,5.0
535,sku_1620,5,4.0,1.0
536,sku_716,4,11.0,-7.0
537,sku_698,14,12.0,2.0
538,sku_699,4,8.0,-4.0
539,sku_1599,8,4.0,4.0
540,sku_709,2,0.0,2.0
541,sku_1598,5,5.0,0.0
542,sku_710,6,5.0,1.0
543,sku_1597,6,2.0,4.0
544,sku_711,13,10.0,3.0
545,sku_708,7,6.0,1.0
546,sku_1596,6,10.0,-4.0
547,sku_1595,7,5.0,2.0
548,sku_713,4,5.0,-1.0
549,sku_1594,0,6.0,-6.0
550,sku_714,6,5.0,1.0
551,sku_1593,10,10.0,-0.0
552,sku_715,8,13.0,-5.0
553,sku_712,11,11.0,0.0
554,sku_1607,0,1.0,-1.0
555,sku_1600,12,7.0,5.0
556,sku_1601,6,9.0,-3.0
557,sku_2907,2,2.0,0.0
558,sku_700,9,8.0,1.0
559,sku_1606,13,8.0,5.0
560,sku_701,7,4.0,3.0
561,sku_1605,16,10.0,6.0
562,sku_702,9,7.0,2.0
563,sku_707,5,12.0,-7.0
564,sku_1604,6,8.0,-2.0
565,sku_1603,11,7.0,4.0
566,sku_704,4,5.0,-1.0
567,sku_1602,6,6.0,-0.0
568,sku_705,0,3.0,-3.0
569,sku_2906,2,2.0,0.0
570,sku_706,6,8.0,-2.0
571,sku_703,6,2.0,4.0
572,sku_894,115,21.0,94.0
573,sku_1436,20,5.0,15.0
574,sku_895,4,6.0,-2.0
575,sku_1089,7,3.0,4.0
576,sku_1258,0,3.0,-3.0
577,sku_1088,6,3.0,3.0
578,sku_1260,4,7.0,-3.0
579,sku_1087,5,3.0,2.0
580,sku_1261,7,6.0,1.0
581,sku_1086,7,6.0,1.0
582,sku_1262,36,11.0,25.0
583,sku_1085,1,0.0,1.0
584,sku_1263,9,5.0,4.0
585,sku_1084,4,1.0,3.0
586,sku_1264,4,5.0,-1.0
587,sku_1083,4,1.0,3.0
588,sku_1265,114,38.0,76.0
589,sku_1082,22,23.0,-1.0
590,sku_1266,0,6.0,-6.0
591,sku_1081,9,6.0,3.0
592,sku_1074,3,7.0,-4.0
593,sku_1273,8,12.0,-4.0
594,sku_1075,12,6.0,6.0
595,sku_1272,4,5.0,-1.0
596,sku_1076,8,7.0,1.0
597,sku_1271,6,1.0,5.0
598,sku_1257,0,1.0,-1.0
599,sku_1077,33,13.0,20.0
600,sku_1078,2,0.0,2.0
601,sku_1269,5,1.0,4.0
602,sku_1079,11,5.0,6.0
603,sku_1268,17,9.0,8.0
604,sku_1080,5,6.0,-1.0
605,sku_1267,16,18.0,-2.0
606,sku_1270,6,1.0,5.0
607,sku_1090,6,2.0,4.0
608,sku_1256,0,0.0,-0.0
609,sku_1091,2,1.0,1.0
610,sku_1247,8,7.0,1.0
611,sku_1101,4,6.0,-2.0
612,sku_1246,6,6.0,0.0
613,sku_1102,4,7.0,-3.0
614,sku_1245,5,6.0,-1.0
615,sku_1244,5,7.0,-2.0
616,sku_1100,8,7.0,1.0
617,sku_1103,5,9.0,-4.0
618,sku_1104,5,14.0,-9.0
619,sku_1242,14,10.0,4.0
620,sku_1105,9,8.0,1.0
621,sku_1241,41,9.0,32.0
622,sku_1106,0,0.0,-0.0
623,sku_1240,29,6.0,23.0
624,sku_1243,4,5.0,-1.0
625,sku_1274,14,15.0,-1.0
626,sku_1248,10,10.0,0.0
627,sku_1249,6,6.0,0.0
628,sku_1255,6,18.0,-12.0
629,sku_1092,8,2.0,6.0
630,sku_2856,2,0.0,2.0
631,sku_1093,0,7.0,-7.0
632,sku_1254,4,3.0,1.0
633,sku_1094,9,3.0,6.0
634,sku_1099,10,8.0,2.0
635,sku_1253,10,2.0,8.0
636,sku_1252,25,9.0,16.0
637,sku_1096,0,1.0,-1.0
638,sku_1251,6,8.0,-2.0
639,sku_1097,6,8.0,-2.0
640,sku_1250,6,4.0,2.0
641,sku_1098,9,8.0,1.0
642,sku_1095,723,131.0,592.0
643,sku_1073,6,5.0,1.0
644,sku_1275,6,4.0,2.0
645,sku_1072,0,0.0,-0.0
646,sku_1047,7,1.0,6.0
647,sku_1296,6,4.0,2.0
648,sku_1048,2,0.0,2.0
649,sku_1295,15,9.0,6.0
650,sku_1049,6,6.0,0.0
651,sku_1294,0,2.0,-2.0
652,sku_1297,0,6.0,-6.0
653,sku_1050,6,6.0,0.0
654,sku_1051,10,7.0,3.0
655,sku_1292,6,3.0,3.0
656,sku_1052,0,4.0,-4.0
657,sku_2860,3,3.0,0.0
658,sku_1053,27,9.0,18.0
659,sku_2859,0,0.0,-0.0
660,sku_1293,4,8.0,-4.0
661,sku_1054,2,2.0,-0.0
662,sku_1046,0,0.0,-0.0
663,sku_1045,327,38.0,289.0
664,sku_1303,32,12.0,20.0
665,sku_1039,0,0.0,-0.0
666,sku_2863,1,1.0,-0.0
667,sku_1040,0,0.0,-0.0
668,sku_2862,1,1.0,-0.0
669,sku_1041,86,36.0,50.0
670,sku_1298,7,8.0,-1.0
671,sku_1302,63,11.0,52.0
672,sku_2861,0,0.0,-0.0
673,sku_1043,4,3.0,1.0
674,sku_1301,12,6.0,6.0
675,sku_1044,4,7.0,-3.0
676,sku_1300,0,4.0,-4.0
677,sku_1299,7,1.0,6.0
678,sku_1042,1,0.0,1.0
679,sku_1107,2,2.0,0.0
680,sku_1291,1,6.0,-5.0
681,sku_1290,9,5.0,4.0
682,sku_1065,7,1.0,6.0
683,sku_1282,7,7.0,-0.0
684,sku_1066,8,4.0,4.0
685,sku_1281,22,11.0,11.0
686,sku_1067,5,3.0,2.0
687,sku_1280,12,7.0,5.0
688,sku_1283,19,13.0,6.0
689,sku_1068,0,0.0,-0.0
690,sku_1069,0,1.0,-1.0
691,sku_1278,8,8.0,-0.0
692,sku_1070,0,1.0,-1.0
693,sku_1277,2,3.0,-1.0
694,sku_1071,0,0.0,-0.0
695,sku_1276,17,10.0,7.0
696,sku_1279,1,0.0,1.0
697,sku_1055,11,7.0,4.0
698,sku_1064,18,6.0,12.0
699,sku_1063,18,7.0,11.0
700,sku_1056,14,14.0,0.0
701,sku_1289,0,5.0,-5.0
702,sku_1057,1,0.0,1.0
703,sku_2858,0,0.0,-0.0
704,sku_1058,8,8.0,0.0
705,sku_1288,29,12.0,17.0
706,sku_1284,1,0.0,1.0
707,sku_1059,16,1.0,15.0
708,sku_1060,14,2.0,12.0
709,sku_1287,6,1.0,5.0
710,sku_1061,20,1.0,19.0
711,sku_1286,4,2.0,2.0
712,sku_1062,0,5.0,-5.0
713,sku_1285,4,3.0,1.0
714,sku_2857,3,6.0,-3.0
715,sku_1239,13,10.0,3.0
716,sku_1108,0,0.0,-0.0
717,sku_1238,90,28.0,62.0
718,sku_1154,17,9.0,8.0
719,sku_1191,2,4.0,-2.0
720,sku_1155,218,55.0,163.0
721,sku_1190,8,2.0,6.0
722,sku_1156,1,12.0,-11.0
723,sku_1189,1,0.0,1.0
724,sku_1192,1,0.0,1.0
725,sku_1157,0,6.0,-6.0
726,sku_1158,156,60.0,96.0
727,sku_1187,6,6.0,-0.0
728,sku_1159,132,50.0,82.0
729,sku_1186,5,12.0,-7.0
730,sku_1160,0,2.0,-2.0
731,sku_1185,12,4.0,8.0
732,sku_1188,5,6.0,-1.0
733,sku_1184,0,5.0,-5.0
734,sku_1153,695,136.0,559.0
735,sku_1152,0,16.0,-16.0
736,sku_1145,0,1.0,-1.0
737,sku_1200,54,13.0,41.0
738,sku_1146,0,1.0,-1.0
739,sku_1199,4,8.0,-4.0
740,sku_1147,4,6.0,-2.0
741,sku_1198,7,0.0,7.0
742,sku_1193,1,0.0,1.0
743,sku_1148,5,3.0,2.0
744,sku_1149,6,2.0,4.0
745,sku_1196,5,2.0,3.0
746,sku_1150,6,1.0,5.0
747,sku_1195,10,9.0,1.0
748,sku_1151,0,1.0,-1.0
749,sku_1194,1,0.0,1.0
750,sku_1197,1,2.0,-1.0
751,sku_1201,44,8.0,36.0
752,sku_1161,9,1.0,8.0
753,sku_1162,7,10.0,-3.0
754,sku_1173,0,1.0,-1.0
755,sku_1172,5,4.0,1.0
756,sku_1171,5,4.0,1.0
757,sku_1174,7,4.0,3.0
758,sku_1170,2,5.0,-3.0
759,sku_1169,3,5.0,-2.0
760,sku_1176,0,12.0,-12.0
761,sku_1168,21,13.0,8.0
762,sku_1177,0,5.0,-5.0
763,sku_1167,11,6.0,5.0
764,sku_1178,8,6.0,2.0
765,sku_1175,5,4.0,1.0
766,sku_1183,4,3.0,1.0
767,sku_1182,10,2.0,8.0
768,sku_1163,0,2.0,-2.0
769,sku_1181,1,1.0,0.0
770,sku_1164,23,30.0,-7.0
771,sku_1180,0,5.0,-5.0
772,sku_1165,22,18.0,4.0
773,sku_1179,5,6.0,-1.0
774,sku_1166,0,3.0,-3.0
775,sku_1038,0,2.0,-2.0
776,sku_1144,6,1.0,5.0
777,sku_1143,7,1.0,6.0
778,sku_1118,4,1.0,3.0
779,sku_1228,8,6.0,2.0
780,sku_1119,0,5.0,-5.0
781,sku_1227,0,7.0,-7.0
782,sku_1120,11,7.0,4.0
783,sku_1226,8,10.0,-2.0
784,sku_1229,15,4.0,11.0
785,sku_1121,1,2.0,-1.0
786,sku_1122,13,9.0,4.0
787,sku_1224,23,11.0,12.0
788,sku_1123,1,1.0,0.0
789,sku_1223,7,9.0,-2.0
790,sku_1124,9,1.0,8.0
791,sku_1222,14,9.0,5.0
792,sku_1225,7,9.0,-2.0
793,sku_1125,4,2.0,2.0
794,sku_1117,0,3.0,-3.0
795,sku_1116,0,0.0,-0.0
796,sku_1109,7,4.0,3.0
797,sku_1237,8,5.0,3.0
798,sku_1110,19,18.0,1.0
799,sku_1236,7,8.0,-1.0
800,sku_1111,10,16.0,-6.0
801,sku_1235,9,9.0,0.0
802,sku_1230,4,8.0,-4.0
803,sku_1112,5,10.0,-5.0
804,sku_1113,3,4.0,-1.0
805,sku_1233,6,10.0,-4.0
806,sku_1114,4,3.0,1.0
807,sku_1232,11,14.0,-3.0
808,sku_1115,5,1.0,4.0
809,sku_1231,3,5.0,-2.0
810,sku_1234,11,6.0,5.0
811,sku_1202,35,19.0,16.0
812,sku_1221,6,11.0,-5.0
813,sku_1220,7,9.0,-2.0
814,sku_1136,0,1.0,-1.0
815,sku_1209,10,5.0,5.0
816,sku_1137,0,8.0,-8.0
817,sku_1208,3,8.0,-5.0
818,sku_1138,0,0.0,-0.0
819,sku_1207,7,5.0,2.0
820,sku_1210,4,12.0,-8.0
821,sku_1139,13,6.0,7.0
822,sku_1140,0,5.0,-5.0
823,sku_1205,14,10.0,4.0
824,sku_1141,15,8.0,7.0
825,sku_1204,8,5.0,3.0
826,sku_1142,9,1.0,8.0
827,sku_1203,12,7.0,5.0
828,sku_1206,18,12.0,6.0
829,sku_1126,11,2.0,9.0
830,sku_1135,0,0.0,-0.0
831,sku_1134,5,2.0,3.0
832,sku_1127,0,3.0,-3.0
833,sku_1219,0,6.0,-6.0
834,sku_1128,5,5.0,0.0
835,sku_1218,13,11.0,2.0
836,sku_1129,4,2.0,2.0
837,sku_1217,8,1.0,7.0
838,sku_1212,6,6.0,0.0
839,sku_1130,4,2.0,2.0
840,sku_1131,6,2.0,4.0
841,sku_1215,11,7.0,4.0
842,sku_1132,4,2.0,2.0
843,sku_1214,3,3.0,0.0
844,sku_1133,4,2.0,2.0
845,sku_1213,1,2.0,-1.0
846,sku_1216,4,5.0,-1.0
847,sku_2864,0,0.0,-0.0
848,sku_1037,5,4.0,1.0
849,sku_2865,0,0.0,-0.0
850,sku_940,0,1.0,-1.0
851,sku_1396,5,4.0,1.0
852,sku_941,6,4.0,2.0
853,sku_1395,4,1.0,3.0
854,sku_942,7,5.0,2.0
855,sku_1394,4,5.0,-1.0
856,sku_1397,0,1.0,-1.0
857,sku_943,6,6.0,-0.0
858,sku_944,7,5.0,2.0
859,sku_1392,35,9.0,26.0
860,sku_945,11,8.0,3.0
861,sku_1391,8,5.0,3.0
862,sku_946,6,8.0,-2.0
863,sku_1390,5,6.0,-1.0
864,sku_1393,34,8.0,26.0
865,sku_947,7,5.0,2.0
866,sku_939,11,6.0,5.0
867,sku_938,4,5.0,-1.0
868,sku_931,5,1.0,4.0
869,sku_1402,14,8.0,6.0
870,sku_932,3,1.0,2.0
871,sku_1401,4,6.0,-2.0
872,sku_933,4,1.0,3.0
873,sku_2873,0,1.0,-1.0
874,sku_1398,0,1.0,-1.0
875,sku_934,4,1.0,3.0
876,sku_935,4,1.0,3.0
877,sku_2871,0,1.0,-1.0
878,sku_936,10,7.0,3.0
879,sku_1400,0,0.0,-0.0
880,sku_937,5,4.0,1.0
881,sku_1399,6,6.0,0.0
882,sku_2872,0,0.0,-0.0
883,sku_1403,5,4.0,1.0
884,sku_1389,35,9.0,26.0
885,sku_1388,41,11.0,30.0
886,sku_958,4,4.0,-0.0
887,sku_1380,9,15.0,-6.0
888,sku_959,201,47.0,154.0
889,sku_1379,8,8.0,0.0
890,sku_960,6,7.0,-1.0
891,sku_1378,6,5.0,1.0
892,sku_1381,0,3.0,-3.0
893,sku_961,4,5.0,-1.0
894,sku_962,5,3.0,2.0
895,sku_1377,5,6.0,-1.0
896,sku_963,253,58.0,195.0
897,sku_1376,6,8.0,-2.0
898,sku_964,12,6.0,6.0
899,sku_1375,7,5.0,2.0
900,sku_2868,0,1.0,-1.0
901,sku_948,13,7.0,6.0
902,sku_957,107,78.0,29.0
903,sku_956,211,82.0,129.0
904,sku_949,4,6.0,-2.0
905,sku_2870,0,0.0,0.0
906,sku_950,12,6.0,6.0
907,sku_1387,10,11.0,-1.0
908,sku_951,22,3.0,19.0
909,sku_1386,155,48.0,107.0
910,sku_1382,38,12.0,26.0
911,sku_952,554,109.0,445.0
912,sku_953,108,16.0,92.0
913,sku_1385,3,8.0,-5.0
914,sku_954,263,130.0,133.0
915,sku_1384,5,5.0,0.0
916,sku_955,1204,264.0,940.0
917,sku_1383,8,13.0,-5.0
918,sku_2869,0,0.0,-0.0
919,sku_965,19,7.0,12.0
920,sku_930,13,8.0,5.0
921,sku_929,1,1.0,-0.0
922,sku_1427,0,5.0,-5.0
923,sku_905,6,9.0,-3.0
924,sku_1426,7,4.0,3.0
925,sku_906,8,7.0,1.0
926,sku_1425,12,9.0,3.0
927,sku_907,0,9.0,-9.0
928,sku_904,7,4.0,3.0
929,sku_1424,12,4.0,8.0
930,sku_1423,100,18.0,82.0
931,sku_909,6,8.0,-2.0
932,sku_1422,54,16.0,38.0
933,sku_910,8,2.0,6.0
934,sku_1421,41,10.0,31.0
935,sku_911,7,4.0,3.0
936,sku_908,5,6.0,-1.0
937,sku_1420,0,3.0,-3.0
938,sku_1428,9,7.0,2.0
939,sku_1429,11,7.0,4.0
940,sku_1435,5,5.0,0.0
941,sku_896,1,0.0,1.0
942,sku_1434,3,8.0,-5.0
943,sku_897,1,0.0,1.0
944,sku_1433,5,5.0,0.0
945,sku_898,1,0.0,1.0
946,sku_903,10,7.0,3.0
947,sku_1432,6,6.0,0.0
948,sku_1431,38,7.0,31.0
949,sku_900,195,58.0,137.0
950,sku_2877,2,2.0,0.0
951,sku_901,6,4.0,2.0
952,sku_1430,5,3.0,2.0
953,sku_902,1,0.0,1.0
954,sku_899,12,7.0,5.0
955,sku_1404,15,11.0,4.0
956,sku_912,20,11.0,9.0
957,sku_913,4,6.0,-2.0
958,sku_1411,7,8.0,-1.0
959,sku_923,11,7.0,4.0
960,sku_1410,0,2.0,-2.0
961,sku_924,5,5.0,-0.0
962,sku_1409,15,8.0,7.0
963,sku_925,11,10.0,1.0
964,sku_922,7,5.0,2.0
965,sku_1408,6,1.0,5.0
966,sku_2874,0,2.0,-2.0
967,sku_927,1,2.0,-1.0
968,sku_1407,4,2.0,2.0
969,sku_928,0,1.0,-1.0
970,sku_1406,0,6.0,-6.0
971,sku_1405,2,0.0,2.0
972,sku_926,6,1.0,5.0
973,sku_1419,0,0.0,-0.0
974,sku_1412,18,12.0,6.0
975,sku_1413,6,7.0,-1.0
976,sku_1418,4,0.0,4.0
977,sku_914,13,4.0,9.0
978,sku_1417,12,14.0,-2.0
979,sku_915,7,6.0,1.0
980,sku_2876,0,5.0,-5.0
981,sku_916,11,11.0,0.0
982,sku_921,12,10.0,2.0
983,sku_1416,0,4.0,-4.0
984,sku_1415,5,7.0,-2.0
985,sku_918,0,4.0,-4.0
986,sku_1414,88,32.0,56.0
987,sku_919,11,8.0,3.0
988,sku_2875,3,3.0,0.0
989,sku_920,143,40.0,103.0
990,sku_917,4,5.0,-1.0
991,sku_1693,0,0.0,-0.0
992,sku_1374,11,10.0,1.0
993,sku_1373,8,11.0,-3.0
994,sku_1327,0,3.0,-3.0
995,sku_1012,15,4.0,11.0
996,sku_1326,0,4.0,-4.0
997,sku_1013,2,3.0,-1.0
998,sku_1325,0,6.0,-6.0
999,sku_1014,8,7.0,1.0
1000,sku_1011,4,2.0,2.0
1001,sku_1324,7,5.0,2.0
1002,sku_1323,3,17.0,-14.0
1003,sku_1016,3,1.0,2.0
1004,sku_1322,7,4.0,3.0
1005,sku_1017,11,3.0,8.0
1006,sku_1321,5,5.0,-0.0
1007,sku_1018,6,3.0,3.0
1008,sku_1015,6,4.0,2.0
1009,sku_1320,5,5.0,-0.0
1010,sku_1328,0,6.0,-6.0
1011,sku_1329,0,5.0,-5.0
1012,sku_1336,0,1.0,-1.0
1013,sku_1003,5,1.0,4.0
1014,sku_1335,6,7.0,-1.0
1015,sku_1004,14,4.0,10.0
1016,sku_1334,0,1.0,-1.0
1017,sku_1005,6,1.0,5.0
1018,sku_1010,4,3.0,1.0
1019,sku_1333,0,11.0,-11.0
1020,sku_1332,0,4.0,-4.0
1021,sku_1007,9,4.0,5.0
1022,sku_1331,5,5.0,-0.0
1023,sku_1008,5,3.0,2.0
1024,sku_1330,11,5.0,6.0
1025,sku_1009,5,3.0,2.0
1026,sku_1006,5,2.0,3.0
1027,sku_1002,2,1.0,1.0
1028,sku_1019,1,0.0,1.0
1029,sku_1020,15,6.0,9.0
1030,sku_1309,19,10.0,9.0
1031,sku_1030,9,6.0,3.0
1032,sku_1308,7,6.0,1.0
1033,sku_1031,17,7.0,10.0
1034,sku_2866,0,2.0,-2.0
1035,sku_1032,0,0.0,-0.0
1036,sku_1029,2,1.0,1.0
1037,sku_1307,5,7.0,-2.0
1038,sku_1306,6,7.0,-1.0
1039,sku_1034,5,3.0,2.0
1040,sku_1305,5,4.0,1.0
1041,sku_1035,0,0.0,-0.0
1042,sku_1304,3,3.0,-0.0
1043,sku_1036,8,4.0,4.0
1044,sku_1033,7,4.0,3.0
1045,sku_1319,9,6.0,3.0
1046,sku_1310,4,5.0,-1.0
1047,sku_1311,3,3.0,-0.0
1048,sku_1318,7,5.0,2.0
1049,sku_1021,13,6.0,7.0
1050,sku_1317,25,8.0,17.0
1051,sku_1022,10,6.0,4.0
1052,sku_1316,0,1.0,-1.0
1053,sku_1023,0,2.0,-2.0
1054,sku_1028,14,1.0,13.0
1055,sku_1315,0,1.0,-1.0
1056,sku_1314,6,4.0,2.0
1057,sku_1025,23,7.0,16.0
1058,sku_1313,3,2.0,1.0
1059,sku_1026,6,1.0,5.0
1060,sku_1312,11,7.0,4.0
1061,sku_1027,1,0.0,1.0
1062,sku_1024,24,6.0,18.0
1063,sku_966,5,5.0,-0.0
1064,sku_1337,4,3.0,1.0
1065,sku_1338,0,3.0,-3.0
1066,sku_976,6,3.0,3.0
1067,sku_1363,13,10.0,3.0
1068,sku_977,5,3.0,2.0
1069,sku_1362,97,30.0,67.0
1070,sku_978,0,1.0,-1.0
1071,sku_1361,0,2.0,-2.0
1072,sku_1364,23,7.0,16.0
1073,sku_979,4,1.0,3.0
1074,sku_980,5,1.0,4.0
1075,sku_1359,8,8.0,-0.0
1076,sku_981,5,1.0,4.0
1077,sku_1358,10,6.0,4.0
1078,sku_982,11,6.0,5.0
1079,sku_1357,1,0.0,1.0
1080,sku_1360,4,6.0,-2.0
1081,sku_983,6,6.0,0.0
1082,sku_975,5,3.0,2.0
1083,sku_974,9,8.0,1.0
1084,sku_967,3,4.0,-1.0
1085,sku_1372,29,8.0,21.0
1086,sku_968,11,4.0,7.0
1087,sku_1371,29,10.0,19.0
1088,sku_969,8,2.0,6.0
1089,sku_1370,24,7.0,17.0
1090,sku_1365,5,5.0,-0.0
1091,sku_970,0,4.0,-4.0
1092,sku_971,0,3.0,-3.0
1093,sku_1367,47,12.0,35.0
1094,sku_972,0,5.0,-5.0
1095,sku_2867,0,0.0,-0.0
1096,sku_973,10,2.0,8.0
1097,sku_1366,13,9.0,4.0
1098,sku_1368,9,3.0,6.0
1099,sku_1001,3,2.0,1.0
1100,sku_1356,0,0.0,-0.0
1101,sku_1355,1,0.0,1.0
1102,sku_1345,6,6.0,0.0
1103,sku_994,0,27.0,-27.0
1104,sku_1344,8,6.0,2.0
1105,sku_995,0,2.0,-2.0
1106,sku_1343,8,14.0,-6.0
1107,sku_996,0,4.0,-4.0
1108,sku_993,0,9.0,-9.0
1109,sku_1342,6,2.0,4.0
1110,sku_1341,1,0.0,1.0
1111,sku_998,7,6.0,1.0
1112,sku_1340,5,6.0,-1.0
1113,sku_999,1,2.0,-0.0
1114,sku_1339,5,5.0,0.0
1115,sku_1000,2,2.0,0.0
1116,sku_997,0,2.0,-2.0
1117,sku_984,0,2.0,-2.0
1118,sku_1346,8,5.0,3.0
1119,sku_1347,4,4.0,-0.0
1120,sku_985,14,7.0,7.0
1121,sku_1354,5,6.0,-1.0
1122,sku_986,5,5.0,-0.0
1123,sku_1353,4,4.0,0.0
1124,sku_1352,4,3.0,1.0
1125,sku_987,221,51.0,170.0
1126,sku_992,0,52.0,-52.0
1127,sku_1351,9,4.0,5.0
1128,sku_1350,5,7.0,-2.0
1129,sku_989,7,3.0,4.0
1130,sku_1349,0,1.0,-1.0
1131,sku_990,13,14.0,-1.0
1132,sku_1348,0,1.0,-1.0
1133,sku_991,5,5.0,-0.0
1134,sku_988,9,7.0,2.0
1135,sku_610,6,6.0,0.0
1136,sku_609,7,3.0,4.0
1137,sku_234,0,1.0,-1.0
1138,sku_2082,7,1.0,6.0
1139,sku_233,3,4.0,-1.0
1140,sku_2083,4,1.0,3.0
1141,sku_2084,9,1.0,8.0
1142,sku_232,0,1.0,-1.0
1143,sku_2085,9,1.0,8.0
1144,sku_231,0,1.0,-1.0
1145,sku_2086,3,1.0,2.0
1146,sku_230,0,10.0,-10.0
1147,sku_2087,4,1.0,3.0
1148,sku_229,0,1.0,-1.0
1149,sku_2088,4,1.0,3.0
1150,sku_228,3,1.0,2.0
1151,sku_2089,5,1.0,4.0
1152,sku_227,6,2.0,4.0
1153,sku_2090,4,2.0,2.0
1154,sku_2097,7,2.0,5.0
1155,sku_220,13,5.0,8.0
1156,sku_2096,4,2.0,2.0
1157,sku_221,5,4.0,1.0
1158,sku_2095,9,3.0,6.0
1159,sku_222,4,4.0,-0.0
1160,sku_2081,37,5.0,32.0
1161,sku_2094,6,2.0,4.0
1162,sku_2093,5,2.0,3.0
1163,sku_224,1,0.0,1.0
1164,sku_2092,4,2.0,2.0
1165,sku_225,8,1.0,7.0
1166,sku_2091,7,2.0,5.0
1167,sku_226,2,0.0,2.0
1168,sku_223,2,1.0,1.0
1169,sku_235,1,2.0,-1.0
1170,sku_2080,2,2.0,-0.0
1171,sku_236,3,4.0,-1.0
1172,sku_2069,5,2.0,3.0
1173,sku_246,0,3.0,-3.0
1174,sku_2068,3,1.0,2.0
1175,sku_247,0,2.0,-2.0
1176,sku_2067,4,2.0,2.0
1177,sku_248,0,3.0,-3.0
1178,sku_245,13,4.0,9.0
1179,sku_2066,4,3.0,1.0
1180,sku_2065,7,2.0,5.0
1181,sku_250,0,4.0,-4.0
1182,sku_2064,4,2.0,2.0
1183,sku_251,0,1.0,-1.0
1184,sku_2063,4,2.0,2.0
1185,sku_252,0,2.0,-2.0
1186,sku_249,0,4.0,-4.0
1187,sku_219,4,1.0,3.0
1188,sku_2070,2,2.0,-0.0
1189,sku_2071,3,1.0,2.0
1190,sku_2079,5,1.0,4.0
1191,sku_237,0,1.0,-1.0
1192,sku_2078,3,1.0,2.0
1193,sku_238,0,0.0,-0.0
1194,sku_2077,3,2.0,1.0
1195,sku_239,3,5.0,-2.0
1196,sku_244,49,25.0,24.0
1197,sku_2076,4,1.0,3.0
1198,sku_2074,8,2.0,6.0
1199,sku_241,4,14.0,-10.0
1200,sku_2073,3,3.0,0.0
1201,sku_242,0,1.0,-1.0
1202,sku_2072,3,2.0,1.0
1203,sku_243,3,5.0,-2.0
1204,sku_240,380,111.0,269.0
1205,sku_2098,0,1.0,-1.0
1206,sku_218,0,1.0,-1.0
1207,sku_2099,5,2.0,3.0
1208,sku_2124,4,2.0,2.0
1209,sku_193,2,3.0,-1.0
1210,sku_2123,6,2.0,4.0
1211,sku_194,4,4.0,0.0
1212,sku_2122,7,3.0,4.0
1213,sku_195,12,8.0,4.0
1214,sku_192,4,3.0,1.0
1215,sku_2121,5,2.0,3.0
1216,sku_2120,5,3.0,2.0
1217,sku_197,4,1.0,3.0
1218,sku_2119,6,2.0,4.0
1219,sku_198,4,2.0,2.0
1220,sku_2118,4,1.0,3.0
1221,sku_199,4,2.0,2.0
1222,sku_196,0,0.0,-0.0
1223,sku_2117,7,2.0,5.0
1224,sku_2125,5,3.0,2.0
1225,sku_2126,4,3.0,1.0
1226,sku_2133,5,2.0,3.0
1227,sku_184,2,2.0,-0.0
1228,sku_2132,4,2.0,2.0
1229,sku_185,2,1.0,1.0
1230,sku_2131,6,2.0,4.0
1231,sku_186,0,1.0,-1.0
1232,sku_191,2,2.0,0.0
1233,sku_2130,4,2.0,2.0
1234,sku_2129,7,2.0,5.0
1235,sku_188,0,2.0,-2.0
1236,sku_2128,7,3.0,4.0
1237,sku_189,0,5.0,-5.0
1238,sku_2127,4,3.0,1.0
1239,sku_190,1,2.0,-1.0
1240,sku_187,25,11.0,14.0
1241,sku_2062,14,2.0,12.0
1242,sku_200,0,3.0,-3.0
1243,sku_201,0,3.0,-3.0
1244,sku_2106,4,3.0,1.0
1245,sku_211,7,1.0,6.0
1246,sku_2105,5,2.0,3.0
1247,sku_212,0,1.0,-1.0
1248,sku_2104,1,2.0,-1.0
1249,sku_213,1,1.0,-0.0
1250,sku_210,2,2.0,-0.0
1251,sku_2103,6,2.0,4.0
1252,sku_2102,7,1.0,6.0
1253,sku_215,0,1.0,-1.0
1254,sku_2101,5,2.0,3.0
1255,sku_216,0,2.0,-2.0
1256,sku_2100,4,2.0,2.0
1257,sku_217,6,2.0,4.0
1258,sku_214,3,1.0,2.0
1259,sku_2116,2,2.0,0.0
1260,sku_2107,25,3.0,22.0
1261,sku_2108,3,2.0,1.0
1262,sku_2115,2,1.0,1.0
1263,sku_202,0,1.0,-1.0
1264,sku_2114,6,2.0,4.0
1265,sku_203,0,2.0,-2.0
1266,sku_2113,9,2.0,7.0
1267,sku_204,2,3.0,-1.0
1268,sku_209,0,1.0,-1.0
1269,sku_2112,4,2.0,2.0
1270,sku_2111,6,2.0,4.0
1271,sku_206,2,3.0,-1.0
1272,sku_2110,4,2.0,2.0
1273,sku_207,10,4.0,6.0
1274,sku_2109,7,2.0,5.0
1275,sku_208,0,3.0,-3.0
1276,sku_205,2,4.0,-2.0
1277,sku_253,27,1.0,26.0
1278,sku_2061,0,1.0,-1.0
1279,sku_254,0,7.0,-7.0
1280,sku_299,498,81.0,417.0
1281,sku_2011,0,2.0,-2.0
1282,sku_300,13,14.0,-1.0
1283,sku_2009,0,1.0,-1.0
1284,sku_301,10,13.0,-3.0
1285,sku_2008,0,1.0,-1.0
1286,sku_2012,0,0.0,-0.0
1287,sku_302,41,36.0,5.0
1288,sku_303,2,2.0,0.0
1289,sku_2006,5,3.0,2.0
1290,sku_304,0,0.0,-0.0
1291,sku_2005,0,0.0,-0.0
1292,sku_305,7,6.0,1.0
1293,sku_2004,0,0.0,-0.0
1294,sku_2007,5,5.0,-0.0
1295,sku_306,6,4.0,2.0
1296,sku_298,7,7.0,0.0
1297,sku_297,7,5.0,2.0
1298,sku_2021,5,1.0,4.0
1299,sku_2020,10,1.0,9.0
1300,sku_291,4,4.0,-0.0
1301,sku_2019,4,3.0,1.0
1302,sku_292,6,4.0,2.0
1303,sku_2018,0,0.0,-0.0
1304,sku_2013,0,0.0,-0.0
1305,sku_293,5,2.0,3.0
1306,sku_294,3,2.0,1.0
1307,sku_2016,0,0.0,-0.0
1308,sku_295,0,1.0,-1.0
1309,sku_2015,0,0.0,-0.0
1310,sku_296,0,0.0,-0.0
1311,sku_2014,0,0.0,-0.0
1312,sku_2017,0,0.0,-0.0
1313,sku_290,5,3.0,2.0
1314,sku_2003,16,7.0,9.0
1315,sku_2002,5,4.0,1.0
1316,sku_317,8,4.0,4.0
1317,sku_1993,2,1.0,1.0
1318,sku_318,15,4.0,11.0
1319,sku_1992,4,1.0,3.0
1320,sku_319,10,5.0,5.0
1321,sku_1991,3,1.0,2.0
1322,sku_2922,16,3.0,13.0
1323,sku_320,10,5.0,5.0
1324,sku_321,13,8.0,5.0
1325,sku_1989,6,1.0,5.0
1326,sku_322,4,3.0,1.0
1327,sku_1988,0,1.0,-1.0
1328,sku_323,6,4.0,2.0
1329,sku_1987,5,1.0,4.0
1330,sku_1990,0,1.0,-1.0
1331,sku_307,4,4.0,-0.0
1332,sku_316,11,3.0,8.0
1333,sku_315,4,2.0,2.0
1334,sku_308,3,3.0,-0.0
1335,sku_2001,6,4.0,2.0
1336,sku_309,4,1.0,3.0
1337,sku_2000,10,5.0,5.0
1338,sku_310,5,4.0,1.0
1339,sku_1999,8,7.0,1.0
1340,sku_1994,36,11.0,25.0
1341,sku_311,8,5.0,3.0
1342,sku_312,8,8.0,0.0
1343,sku_1997,0,0.0,-0.0
1344,sku_313,169,62.0,107.0
1345,sku_1996,0,1.0,-1.0
1346,sku_314,86,20.0,66.0
1347,sku_1995,9,3.0,6.0
1348,sku_1998,0,1.0,-1.0
1349,sku_183,2,1.0,1.0
1350,sku_2022,8,0.0,8.0
1351,sku_2023,8,0.0,8.0
1352,sku_2051,2,2.0,0.0
1353,sku_264,0,3.0,-3.0
1354,sku_2050,5,2.0,3.0
1355,sku_265,154,41.0,113.0
1356,sku_2049,9,2.0,7.0
1357,sku_266,45,8.0,36.0
1358,sku_263,6,4.0,2.0
1359,sku_2048,6,3.0,3.0
1360,sku_2047,7,3.0,4.0
1361,sku_268,0,1.0,-1.0
1362,sku_2046,2,2.0,-0.0
1363,sku_269,0,0.0,-0.0
1364,sku_2045,3,4.0,-1.0
1365,sku_270,0,0.0,-0.0
1366,sku_267,0,0.0,-0.0
1367,sku_2044,7,1.0,6.0
1368,sku_2052,5,2.0,3.0
1369,sku_2053,6,3.0,3.0
1370,sku_2060,1,2.0,-2.0
1371,sku_255,16,6.0,10.0
1372,sku_2059,5,2.0,3.0
1373,sku_256,7,6.0,1.0
1374,sku_2058,15,3.0,12.0
1375,sku_257,92,20.0,72.0
1376,sku_262,7,6.0,1.0
1377,sku_2057,4,2.0,2.0
1378,sku_2056,1,2.0,-1.0
1379,sku_259,75,28.0,47.0
1380,sku_2055,6,2.0,4.0
1381,sku_260,8,9.0,-1.0
1382,sku_2054,3,1.0,2.0
1383,sku_261,0,0.0,-0.0
1384,sku_258,6,21.0,-15.0
1385,sku_289,5,4.0,1.0
1386,sku_271,5,7.0,-2.0
1387,sku_272,19,9.0,10.0
1388,sku_2032,0,1.0,-1.0
1389,sku_282,0,1.0,-1.0
1390,sku_2030,0,0.0,-0.0
1391,sku_283,27,4.0,23.0
1392,sku_2029,0,0.0,-0.0
1393,sku_284,8,8.0,-0.0
1394,sku_281,6,4.0,2.0
1395,sku_2028,6,3.0,3.0
1396,sku_2026,0,0.0,-0.0
1397,sku_286,9,14.0,-5.0
1398,sku_2025,9,2.0,7.0
1399,sku_287,2,2.0,-0.0
1400,sku_2024,6,2.0,4.0
1401,sku_288,5,5.0,-0.0
1402,sku_285,12,7.0,5.0
1403,sku_2043,6,0.0,6.0
1404,sku_2033,0,0.0,-0.0
1405,sku_2034,0,1.0,-1.0
1406,sku_2042,6,2.0,4.0
1407,sku_273,7,5.0,2.0
1408,sku_2041,10,3.0,7.0
1409,sku_274,6,6.0,0.0
1410,sku_2040,4,2.0,2.0
1411,sku_275,13,11.0,2.0
1412,sku_280,6,4.0,2.0
1413,sku_2039,4,0.0,4.0
1414,sku_2038,5,0.0,5.0
1415,sku_277,4,2.0,2.0
1416,sku_2036,38,5.0,33.0
1417,sku_278,17,8.0,10.0
1418,sku_2035,5,3.0,2.0
1419,sku_279,9,6.0,3.0
1420,sku_276,5,4.0,1.0
1421,sku_324,0,5.0,-5.0
1422,sku_2134,6,2.0,4.0
1423,sku_2135,6,3.0,3.0
1424,sku_92,4,3.0,1.0
1425,sku_2988,0,0.0,-0.0
1426,sku_91,6,5.0,1.0
1427,sku_2989,0,0.0,-0.0
1428,sku_90,0,1.0,-1.0
1429,sku_2990,0,0.0,-0.0
1430,sku_89,3,3.0,-0.0
1431,sku_2991,0,0.0,-0.0
1432,sku_88,4,4.0,0.0
1433,sku_2992,0,0.0,-0.0
1434,sku_87,3,3.0,0.0
1435,sku_2993,0,0.0,-0.0
1436,sku_86,0,11.0,-11.0
1437,sku_2994,0,0.0,-0.0
1438,sku_85,7,5.0,2.0
1439,sku_2995,0,0.0,-0.0
1440,sku_84,2,6.0,-4.0
1441,sku_77,3,12.0,-9.0
1442,sku_3002,0,0.0,-0.0
1443,sku_78,7,8.0,-1.0
1444,sku_3001,0,0.0,-0.0
1445,sku_79,6,10.0,-4.0
1446,sku_3000,0,0.0,-0.0
1447,sku_2987,0,0.0,-0.0
1448,sku_80,10,7.0,3.0
1449,sku_81,1,3.0,-2.0
1450,sku_2998,5,0.0,5.0
1451,sku_82,0,1.0,-1.0
1452,sku_2997,0,0.0,-0.0
1453,sku_83,14,5.0,9.0
1454,sku_2996,0,0.0,-0.0
1455,sku_2999,2,0.0,2.0
1456,sku_93,9,4.0,5.0
1457,sku_2986,0,0.0,-0.0
1458,sku_94,4,3.0,1.0
1459,sku_2976,4,0.0,4.0
1460,sku_104,0,0.0,-0.0
1461,sku_2975,0,0.0,-0.0
1462,sku_105,0,1.0,-1.0
1463,sku_2974,0,0.0,-0.0
1464,sku_106,0,1.0,-1.0
1465,sku_103,2,1.0,1.0
1466,sku_2973,0,0.0,-0.0
1467,sku_2972,0,0.0,-0.0
1468,sku_108,0,1.0,-1.0
1469,sku_2971,2,0.0,2.0
1470,sku_109,0,1.0,-1.0
1471,sku_2970,6,0.0,6.0
1472,sku_110,0,1.0,-1.0
1473,sku_107,0,2.0,-2.0
1474,sku_3003,1,0.0,1.0
1475,sku_2977,1,0.0,1.0
1476,sku_2978,2,0.0,2.0
1477,sku_2985,0,0.0,-0.0
1478,sku_95,4,3.0,1.0
1479,sku_2984,0,0.0,-0.0
1480,sku_96,3,3.0,-0.0
1481,sku_2983,1,0.0,1.0
1482,sku_97,6,4.0,2.0
1483,sku_102,0,1.0,-1.0
1484,sku_2982,0,0.0,-0.0
1485,sku_2981,0,0.0,-0.0
1486,sku_99,14,4.0,10.0
1487,sku_2980,1,0.0,1.0
1488,sku_100,4,3.0,1.0
1489,sku_2979,1,0.0,1.0
1490,sku_101,4,3.0,1.0
1491,sku_98,4,2.0,2.0
1492,sku_76,4,4.0,0.0
1493,sku_3004,1,0.0,1.0
1494,sku_75,5,4.0,1.0
1495,sku_3019,0,1.0,-1.0
1496,sku_51,5,4.0,1.0
1497,sku_3018,0,0.0,-0.0
1498,sku_52,7,3.0,4.0
1499,sku_3017,0,0.0,-0.0
1500,sku_53,84,23.0,61.0
1501,sku_50,5,4.0,1.0
1502,sku_3016,0,0.0,-0.0
1503,sku_3015,0,0.0,-0.0
1504,sku_55,5,6.0,-1.0
1505,sku_3014,0,0.0,-0.0
1506,sku_56,2,10.0,-8.0
1507,sku_3013,0,0.0,-0.0
1508,sku_57,36,19.0,17.0
1509,sku_54,0,46.0,-46.0
1510,sku_3012,0,0.0,-0.0
1511,sku_3020,0,0.0,-0.0
1512,sku_3021,0,0.0,-0.0
1513,sku_3028,0,0.0,-0.0
1514,sku_42,0,4.0,-4.0
1515,sku_3027,0,0.0,-0.0
1516,sku_43,0,1.0,-1.0
1517,sku_3026,0,0.0,-0.0
1518,sku_44,0,0.0,-0.0
1519,sku_49,1,0.0,1.0
1520,sku_3025,0,0.0,-0.0
1521,sku_3024,0,0.0,-0.0
1522,sku_46,5,5.0,0.0
1523,sku_3023,0,0.0,-0.0
1524,sku_47,12,7.0,5.0
1525,sku_3022,0,0.0,-0.0
1526,sku_48,4,6.0,-2.0
1527,sku_45,0,1.0,-1.0
1528,sku_2969,6,0.0,6.0
1529,sku_58,4,4.0,0.0
1530,sku_3010,0,0.0,-0.0
1531,sku_68,149,32.0,117.0
1532,sku_2266,0,0.0,-0.0
1533,sku_69,178,55.0,123.0
1534,sku_2265,0,0.0,-0.0
1535,sku_70,7,4.0,3.0
1536,sku_2264,0,0.0,-0.0
1537,sku_2268,0,0.0,-0.0
1538,sku_71,7,5.0,2.0
1539,sku_72,6,1.0,5.0
1540,sku_2262,0,0.0,-0.0
1541,sku_73,5,1.0,4.0
1542,sku_2261,1,0.0,1.0
1543,sku_74,6,4.0,2.0
1544,sku_3005,0,0.0,-0.0
1545,sku_2263,0,0.0,-0.0
1546,sku_3011,0,0.0,-0.0
1547,sku_67,0,9.0,-9.0
1548,sku_66,7,5.0,2.0
1549,sku_59,8,4.0,4.0
1550,sku_3009,0,0.0,-0.0
1551,sku_60,8,5.0,3.0
1552,sku_3008,0,0.0,-0.0
1553,sku_61,6,5.0,1.0
1554,sku_3007,0,0.0,-0.0
1555,sku_2270,1,0.0,1.0
1556,sku_62,6,4.0,2.0
1557,sku_63,0,7.0,-7.0
1558,sku_2273,1,0.0,1.0
1559,sku_64,3,0.0,3.0
1560,sku_2272,0,0.0,-0.0
1561,sku_65,0,7.0,-7.0
1562,sku_2271,0,0.0,-0.0
1563,sku_3006,0,0.0,-0.0
1564,sku_111,3,1.0,2.0
1565,sku_2968,6,1.0,5.0
1566,sku_112,0,1.0,-1.0
1567,sku_157,3,2.0,1.0
1568,sku_2159,7,1.0,6.0
1569,sku_158,0,1.0,-1.0
1570,sku_2158,4,1.0,3.0
1571,sku_159,0,1.0,-1.0
1572,sku_2157,7,1.0,6.0
1573,sku_2160,8,1.0,7.0
1574,sku_160,4,3.0,1.0
1575,sku_161,0,10.0,-10.0
1576,sku_2923,0,0.0,0.0
1577,sku_162,0,1.0,-1.0
1578,sku_2155,0,1.0,-1.0
1579,sku_163,0,5.0,-5.0
1580,sku_2154,1,0.0,1.0
1581,sku_2156,9,1.0,8.0
1582,sku_164,11,1.0,10.0
1583,sku_156,3,0.0,3.0
1584,sku_155,0,2.0,-2.0
1585,sku_148,0,6.0,-6.0
1586,sku_2930,2,0.0,2.0
1587,sku_149,8,9.0,-1.0
1588,sku_2929,0,1.0,-1.0
1589,sku_150,14,25.0,-11.0
1590,sku_2928,4,0.0,4.0
1591,sku_2161,4,1.0,3.0
1592,sku_151,26,16.0,10.0
1593,sku_152,0,7.0,-7.0
1594,sku_2926,0,0.0,-0.0
1595,sku_153,1,1.0,0.0
1596,sku_2925,4,1.0,3.0
1597,sku_154,0,1.0,-1.0
1598,sku_2162,7,1.0,6.0
1599,sku_2927,5,1.0,4.0
1600,sku_2931,0,0.0,-0.0
1601,sku_2153,2,0.0,2.0
1602,sku_2152,6,0.0,6.0
1603,sku_2142,5,2.0,3.0
1604,sku_175,8,2.0,6.0
1605,sku_2141,5,2.0,3.0
1606,sku_176,15,1.0,14.0
1607,sku_2140,5,2.0,3.0
1608,sku_177,3,2.0,1.0
1609,sku_2143,8,3.0,5.0
1610,sku_2139,4,3.0,1.0
1611,sku_2138,4,2.0,2.0
1612,sku_179,0,6.0,-6.0
1613,sku_2137,5,2.0,3.0
1614,sku_180,0,3.0,-3.0
1615,sku_2136,5,3.0,2.0
1616,sku_181,4,3.0,1.0
1617,sku_178,0,2.0,-2.0
1618,sku_165,22,9.0,13.0
1619,sku_174,2,3.0,-1.0
1620,sku_173,0,1.0,-1.0
1621,sku_166,1,3.0,-2.0
1622,sku_2151,2,0.0,2.0
1623,sku_167,0,2.0,-2.0
1624,sku_2150,4,1.0,3.0
1625,sku_168,1,4.0,-3.0
1626,sku_2149,7,2.0,5.0
1627,sku_2144,6,1.0,5.0
1628,sku_169,5,1.0,4.0
1629,sku_170,4,2.0,2.0
1630,sku_2147,5,3.0,2.0
1631,sku_171,27,9.0,18.0
1632,sku_2146,5,3.0,2.0
1633,sku_172,1,2.0,-1.0
1634,sku_2145,4,1.0,3.0
1635,sku_2148,3,2.0,1.0
1636,sku_182,3,3.0,0.0
1637,sku_147,0,32.0,-32.0
1638,sku_146,13,3.0,10.0
1639,sku_121,0,4.0,-4.0
1640,sku_2957,7,1.0,6.0
1641,sku_122,0,5.0,-5.0
1642,sku_2956,2,1.0,1.0
1643,sku_123,3,1.0,2.0
1644,sku_2955,5,1.0,4.0
1645,sku_2958,6,1.0,5.0
1646,sku_124,5,1.0,4.0
1647,sku_125,0,0.0,-0.0
1648,sku_2953,5,1.0,4.0
1649,sku_126,3,1.0,2.0
1650,sku_2952,6,1.0,5.0
1651,sku_127,0,1.0,-1.0
1652,sku_2951,6,1.0,5.0
1653,sku_2954,0,1.0,-1.0
1654,sku_128,5,2.0,3.0
1655,sku_120,19,9.0,10.0
1656,sku_119,0,2.0,-2.0
1657,sku_2967,3,1.0,2.0
1658,sku_113,0,1.0,-1.0
1659,sku_2966,7,1.0,6.0
1660,sku_114,7,2.0,5.0
1661,sku_2965,7,1.0,6.0
1662,sku_115,1,2.0,-1.0
1663,sku_2959,4,1.0,3.0
1664,sku_2964,7,1.0,6.0
1665,sku_2963,4,1.0,3.0
1666,sku_2962,6,1.0,5.0
1667,sku_117,2,2.0,0.0
1668,sku_2961,6,1.0,5.0
1669,sku_118,0,0.0,-0.0
1670,sku_2960,6,1.0,5.0
1671,sku_116,2,1.0,1.0
1672,sku_2932,2,1.0,1.0
1673,sku_2950,8,1.0,7.0
1674,sku_2949,5,1.0,4.0
1675,sku_139,0,1.0,-1.0
1676,sku_2939,7,1.0,6.0
1677,sku_140,0,0.0,-0.0
1678,sku_2938,8,2.0,6.0
1679,sku_141,2,2.0,-0.0
1680,sku_2937,2,1.0,1.0
1681,sku_2940,3,1.0,2.0
1682,sku_142,0,1.0,-1.0
1683,sku_143,0,1.0,-1.0
1684,sku_2935,2,1.0,1.0
1685,sku_144,0,5.0,-5.0
1686,sku_2934,4,1.0,3.0
1687,sku_145,0,4.0,-4.0
1688,sku_2933,2,0.0,2.0
1689,sku_2936,2,1.0,1.0
1690,sku_129,0,1.0,-1.0
1691,sku_138,0,1.0,-1.0
1692,sku_137,2,1.0,1.0
1693,sku_130,0,1.0,-1.0
1694,sku_2948,7,1.0,6.0
1695,sku_131,0,2.0,-2.0
1696,sku_2947,2,1.0,1.0
1697,sku_132,3,1.0,2.0
1698,sku_2946,30,5.0,25.0
1699,sku_2941,2,1.0,1.0
1700,sku_133,3,1.0,2.0
1701,sku_134,0,2.0,-2.0
1702,sku_2944,1,1.0,0.0
1703,sku_135,0,1.0,-1.0
1704,sku_2943,1,1.0,0.0
1705,sku_136,0,1.0,-1.0
1706,sku_2942,1,1.0,0.0
1707,sku_2945,22,4.0,18.0
1708,sku_1986,19,12.0,7.0
1709,sku_325,0,2.0,-2.0
1710,sku_1985,6,2.0,4.0
1711,sku_1785,1,3.0,-2.0
1712,sku_519,0,3.0,-3.0
1713,sku_1786,0,2.0,-2.0
1714,sku_518,0,0.0,-0.0
1715,sku_1787,0,3.0,-3.0
1716,sku_517,0,1.0,-1.0
1717,sku_1788,0,3.0,-3.0
1718,sku_516,0,0.0,-0.0
1719,sku_1789,0,3.0,-3.0
1720,sku_515,8,2.0,6.0
1721,sku_1790,0,2.0,-2.0
1722,sku_514,5,6.0,-1.0
1723,sku_1791,0,2.0,-2.0
1724,sku_513,5,4.0,1.0
1725,sku_1792,3,4.0,-1.0
1726,sku_512,4,7.0,-3.0
1727,sku_1793,0,2.0,-2.0
1728,sku_1801,0,5.0,-5.0
1729,sku_505,12,9.0,3.0
1730,sku_1799,4,3.0,1.0
1731,sku_506,4,3.0,1.0
1732,sku_1798,0,3.0,-3.0
1733,sku_507,3,0.0,3.0
1734,sku_520,5,3.0,2.0
1735,sku_1797,0,4.0,-4.0
1736,sku_1796,0,6.0,-6.0
1737,sku_509,6,4.0,2.0
1738,sku_1795,0,4.0,-4.0
1739,sku_510,4,3.0,1.0
1740,sku_1794,0,2.0,-2.0
1741,sku_511,7,4.0,3.0
1742,sku_508,3,3.0,-0.0
1743,sku_1784,0,4.0,-4.0
1744,sku_521,5,2.0,3.0
1745,sku_1783,0,5.0,-5.0
1746,sku_1773,0,3.0,-3.0
1747,sku_531,9,8.0,1.0
1748,sku_1772,0,2.0,-2.0
1749,sku_532,3,4.0,-1.0
1750,sku_1771,7,7.0,0.0
1751,sku_533,7,5.0,2.0
1752,sku_530,23,9.0,14.0
1753,sku_1770,6,4.0,2.0
1754,sku_1769,5,6.0,-1.0
1755,sku_535,6,5.0,1.0
1756,sku_1768,0,4.0,-4.0
1757,sku_536,9,6.0,3.0
1758,sku_1767,7,4.0,3.0
1759,sku_537,0,1.0,-1.0
1760,sku_534,54,11.0,43.0
1761,sku_504,1,3.0,-2.0
1762,sku_1774,0,10.0,-10.0
1763,sku_1775,18,5.0,13.0
1764,sku_522,0,3.0,-3.0
1765,sku_1782,0,4.0,-4.0
1766,sku_1781,0,9.0,-9.0
1767,sku_523,7,4.0,3.0
1768,sku_1780,0,3.0,-3.0
1769,sku_524,4,5.0,-1.0
1770,sku_529,10,1.0,9.0
1771,sku_1779,0,6.0,-6.0
1772,sku_1778,0,2.0,-2.0
1773,sku_526,0,1.0,-1.0
1774,sku_1777,4,4.0,-0.0
1775,sku_527,1,0.0,1.0
1776,sku_1776,6,4.0,2.0
1777,sku_528,0,0.0,-0.0
1778,sku_525,120,26.0,94.0
1779,sku_1802,0,1.0,-1.0
1780,sku_503,7,6.0,1.0
1781,sku_1803,11,4.0,7.0
1782,sku_1827,1,0.0,1.0
1783,sku_478,7,3.0,4.0
1784,sku_2918,1,0.0,1.0
1785,sku_479,5,15.0,-10.0
1786,sku_1826,3,2.0,1.0
1787,sku_480,9,5.0,4.0
1788,sku_477,4,4.0,0.0
1789,sku_1825,4,3.0,1.0
1790,sku_1824,0,2.0,-2.0
1791,sku_482,6,5.0,1.0
1792,sku_1823,1,1.0,-0.0
1793,sku_483,5,4.0,1.0
1794,sku_1822,54,4.0,50.0
1795,sku_484,1,0.0,1.0
1796,sku_481,0,9.0,-9.0
1797,sku_1821,3,0.0,3.0
1798,sku_1828,1,0.0,1.0
1799,sku_1829,1,0.0,1.0
1800,sku_1836,0,4.0,-4.0
1801,sku_469,8,0.0,8.0
1802,sku_1835,0,0.0,-0.0
1803,sku_470,14,4.0,10.0
1804,sku_1834,2,1.0,1.0
1805,sku_471,57,19.0,38.0
1806,sku_476,4,4.0,0.0
1807,sku_1833,1,0.0,1.0
1808,sku_1832,1,0.0,1.0
1809,sku_473,2,4.0,-2.0
1810,sku_1831,1,0.0,1.0
1811,sku_474,5,6.0,-1.0
1812,sku_1830,1,0.0,1.0
1813,sku_475,7,4.0,3.0
1814,sku_472,8,4.0,4.0
1815,sku_1766,7,6.0,1.0
1816,sku_485,8,7.0,1.0
1817,sku_486,0,3.0,-3.0
1818,sku_1811,6,1.0,5.0
1819,sku_496,6,4.0,2.0
1820,sku_1810,6,1.0,5.0
1821,sku_497,6,4.0,2.0
1822,sku_1809,1,2.0,-1.0
1823,sku_498,13,13.0,0.0
1824,sku_495,6,5.0,1.0
1825,sku_1808,0,2.0,-2.0
1826,sku_1806,4,3.0,1.0
1827,sku_500,2,3.0,-1.0
1828,sku_1805,7,4.0,3.0
1829,sku_501,0,5.0,-5.0
1830,sku_1804,7,4.0,3.0
1831,sku_502,4,6.0,-2.0
1832,sku_499,5,2.0,3.0
1833,sku_2917,2,0.0,2.0
1834,sku_1812,168,31.0,137.0
1835,sku_1813,7,1.0,6.0
1836,sku_1820,4,0.0,4.0
1837,sku_487,21,9.0,12.0
1838,sku_1819,1,0.0,1.0
1839,sku_488,5,6.0,-1.0
1840,sku_1818,7,3.0,4.0
1841,sku_489,1,0.0,1.0
1842,sku_494,72,11.0,61.0
1843,sku_1817,8,2.0,6.0
1844,sku_1816,5,1.0,4.0
1845,sku_491,2,2.0,0.0
1846,sku_1815,0,0.0,-0.0
1847,sku_492,9,6.0,3.0
1848,sku_1814,10,1.0,9.0
1849,sku_493,5,3.0,2.0
1850,sku_490,0,8.0,-8.0
1851,sku_538,0,0.0,-0.0
1852,sku_1764,3,1.0,2.0
1853,sku_539,0,0.0,-0.0
1854,sku_584,3,6.0,-3.0
1855,sku_1717,6,7.0,-1.0
1856,sku_585,5,7.0,-2.0
1857,sku_1716,5,1.0,4.0
1858,sku_586,7,3.0,4.0
1859,sku_1715,5,1.0,4.0
1860,sku_1718,8,3.0,5.0
1861,sku_587,4,5.0,-1.0
1862,sku_588,0,0.0,-0.0
1863,sku_1713,5,2.0,3.0
1864,sku_589,0,0.0,-0.0
1865,sku_1712,3,2.0,1.0
1866,sku_590,0,0.0,-0.0
1867,sku_1711,0,1.0,-1.0
1868,sku_1714,5,1.0,4.0
1869,sku_591,0,0.0,-0.0
1870,sku_583,5,5.0,-0.0
1871,sku_582,8,7.0,1.0
1872,sku_1729,4,2.0,2.0
1873,sku_576,0,0.0,-0.0
1874,sku_1728,13,2.0,11.0
1875,sku_577,10,7.0,3.0
1876,sku_1727,5,2.0,3.0
1877,sku_578,11,8.0,3.0
1878,sku_1719,27,2.0,25.0
1879,sku_1724,5,1.0,4.0
1880,sku_1723,14,1.0,13.0
1881,sku_580,0,0.0,-0.0
1882,sku_1722,6,3.0,3.0
1883,sku_1721,11,4.0,7.0
1884,sku_581,4,7.0,-3.0
1885,sku_1720,6,1.0,5.0
1886,sku_579,4,1.0,3.0
1887,sku_575,0,0.0,-0.0
1888,sku_1710,5,2.0,3.0
1889,sku_1709,8,3.0,5.0
1890,sku_602,40,19.0,21.0
1891,sku_1700,7,3.0,4.0
1892,sku_603,3,1.0,2.0
1893,sku_1699,7,0.0,7.0
1894,sku_604,1,1.0,-0.0
1895,sku_1698,0,0.0,-0.0
1896,sku_1701,9,2.0,7.0
1897,sku_605,6,1.0,5.0
1898,sku_606,1,0.0,1.0
1899,sku_1696,0,1.0,-1.0
1900,sku_607,6,5.0,1.0
1901,sku_2913,2,0.0,2.0
1902,sku_608,0,1.0,-1.0
1903,sku_1695,11,7.0,4.0
1904,sku_1697,4,1.0,3.0
1905,sku_592,0,5.0,-5.0
1906,sku_601,0,2.0,-2.0
1907,sku_600,0,3.0,-3.0
1908,sku_593,5,2.0,3.0
1909,sku_1708,1,0.0,1.0
1910,sku_594,0,3.0,-3.0
1911,sku_2914,0,0.0,-0.0
1912,sku_595,11,8.0,3.0
1913,sku_1707,0,1.0,-1.0
1914,sku_1702,14,3.0,11.0
1915,sku_596,0,0.0,-0.0
1916,sku_597,29,4.0,25.0
1917,sku_1705,2,0.0,2.0
1918,sku_598,0,0.0,-0.0
1919,sku_1704,15,5.0,10.0
1920,sku_599,0,2.0,-2.0
1921,sku_1703,9,5.0,4.0
1922,sku_1706,18,6.0,12.0
1923,sku_468,6,2.0,4.0
1924,sku_1730,8,2.0,6.0
1925,sku_1731,6,2.0,4.0
1926,sku_1754,16,2.0,14.0
1927,sku_549,5,0.0,5.0
1928,sku_1753,7,1.0,6.0
1929,sku_550,7,8.0,-1.0
1930,sku_1752,7,2.0,5.0
1931,sku_551,0,1.0,-1.0
1932,sku_548,0,1.0,-1.0
1933,sku_1751,0,2.0,-2.0
1934,sku_1750,5,3.0,2.0
1935,sku_553,4,2.0,2.0
1936,sku_1749,5,1.0,4.0
1937,sku_554,0,1.0,-1.0
1938,sku_1748,6,2.0,4.0
1939,sku_555,6,1.0,5.0
1940,sku_552,0,0.0,-0.0
1941,sku_1747,7,1.0,6.0
1942,sku_1755,3,0.0,3.0
1943,sku_1756,6,5.0,1.0
1944,sku_1763,5,1.0,4.0
1945,sku_540,0,1.0,-1.0
1946,sku_1762,6,5.0,1.0
1947,sku_541,0,0.0,-0.0
1948,sku_1761,4,1.0,3.0
1949,sku_542,0,1.0,-1.0
1950,sku_547,9,7.0,2.0
1951,sku_1760,1,0.0,1.0
1952,sku_1759,6,3.0,3.0
1953,sku_544,4,2.0,2.0
1954,sku_1758,7,3.0,4.0
1955,sku_545,9,1.0,8.0
1956,sku_1757,1,3.0,-2.0
1957,sku_546,11,10.0,1.0
1958,sku_543,12,10.0,2.0
1959,sku_574,5,4.0,1.0
1960,sku_556,0,1.0,-1.0
1961,sku_557,0,1.0,-1.0
1962,sku_1738,19,3.0,16.0
1963,sku_567,1,1.0,0.0
1964,sku_1737,3,1.0,2.0
1965,sku_568,0,3.0,-3.0
1966,sku_1736,8,2.0,6.0
1967,sku_569,0,2.0,-2.0
1968,sku_566,0,1.0,-1.0
1969,sku_1735,3,2.0,1.0
1970,sku_1734,0,0.0,-0.0
1971,sku_571,0,9.0,-9.0
1972,sku_1733,5,2.0,3.0
1973,sku_572,8,8.0,0.0
1974,sku_1732,13,2.0,11.0
1975,sku_573,6,7.0,-1.0
1976,sku_570,6,12.0,-6.0
1977,sku_1746,7,1.0,6.0
1978,sku_1739,14,5.0,9.0
1979,sku_1740,5,1.0,4.0
1980,sku_1745,5,2.0,3.0
1981,sku_558,0,0.0,-0.0
1982,sku_1744,4,1.0,3.0
1983,sku_559,7,6.0,1.0
1984,sku_1743,78,8.0,70.0
1985,sku_560,9,10.0,-1.0
1986,sku_565,5,2.0,3.0
1987,sku_2916,0,0.0,-0.0
1988,sku_2915,0,0.0,-0.0
1989,sku_562,6,3.0,3.0
1990,sku_1742,4,2.0,2.0
1991,sku_563,8,6.0,2.0
1992,sku_1741,0,0.0,-0.0
1993,sku_564,7,9.0,-2.0
1994,sku_561,21,7.0,14.0
1995,sku_1837,5,1.0,4.0
1996,sku_467,14,8.0,6.0
1997,sku_1838,5,1.0,4.0
1998,sku_1940,0,0.0,-0.0
1999,sku_371,13,7.0,6.0
2000,sku_1939,0,0.0,-0.0
2001,sku_372,2,7.0,-5.0
2002,sku_1938,0,0.0,-0.0
2003,sku_373,12,5.0,7.0
2004,sku_370,4,4.0,-0.0
2005,sku_1937,0,1.0,-1.0
2006,sku_1936,0,0.0,-0.0
2007,sku_375,10,8.0,2.0
2008,sku_1935,0,0.0,-0.0
2009,sku_376,7,3.0,4.0
2010,sku_1934,1,1.0,0.0
2011,sku_377,11,6.0,5.0
2012,sku_374,5,5.0,0.0
2013,sku_1933,2,1.0,1.0
2014,sku_1943,0,0.0,-0.0
2015,sku_1944,0,0.0,-0.0
2016,sku_2919,0,0.0,-0.0
2017,sku_362,18,13.0,5.0
2018,sku_1950,0,0.0,-0.0
2019,sku_363,5,3.0,2.0
2020,sku_1949,0,0.0,-0.0
2021,sku_364,0,0.0,-0.0
2022,sku_369,5,5.0,0.0
2023,sku_1948,0,1.0,-1.0
2024,sku_1947,0,0.0,-0.0
2025,sku_366,87,28.0,59.0
2026,sku_1946,0,0.0,-0.0
2027,sku_367,8,3.0,5.0
2028,sku_1945,0,0.0,-0.0
2029,sku_368,4,4.0,0.0
2030,sku_365,0,2.0,-2.0
2031,sku_361,8,4.0,4.0
2032,sku_378,4,3.0,1.0
2033,sku_379,0,2.0,-2.0
2034,sku_1921,2,0.0,2.0
2035,sku_389,4,4.0,0.0
2036,sku_1920,0,0.0,-0.0
2037,sku_390,9,5.0,4.0
2038,sku_1919,0,0.0,-0.0
2039,sku_391,3,4.0,-1.0
2040,sku_388,5,4.0,1.0
2041,sku_1918,0,0.0,-0.0
2042,sku_1917,0,0.0,-0.0
2043,sku_393,10,4.0,6.0
2044,sku_1915,0,0.0,-0.0
2045,sku_394,92,26.0,66.0
2046,sku_1914,0,0.0,-0.0
2047,sku_395,8,7.0,1.0
2048,sku_392,0,1.0,-1.0
2049,sku_1932,0,0.0,-0.0
2050,sku_1922,0,0.0,-0.0
2051,sku_1923,0,1.0,-1.0
2052,sku_1931,1,0.0,1.0
2053,sku_380,4,4.0,0.0
2054,sku_1929,0,0.0,-0.0
2055,sku_381,8,6.0,2.0
2056,sku_1928,0,0.0,-0.0
2057,sku_382,8,6.0,2.0
2058,sku_387,8,2.0,6.0
2059,sku_1927,0,0.0,-0.0
2060,sku_1926,0,0.0,-0.0
2061,sku_384,0,0.0,-0.0
2062,sku_1925,0,0.0,-0.0
2063,sku_385,4,4.0,-0.0
2064,sku_1924,0,0.0,-0.0
2065,sku_386,7,7.0,0.0
2066,sku_383,16,5.0,11.0
2067,sku_1913,0,0.0,-0.0
2068,sku_1951,0,0.0,-0.0
2069,sku_1952,1,0.0,1.0
2070,sku_335,0,11.0,-11.0
2071,sku_1975,0,0.0,-0.0
2072,sku_336,6,6.0,0.0
2073,sku_1974,11,6.0,5.0
2074,sku_337,0,0.0,-0.0
2075,sku_1973,2,4.0,-2.0
2076,sku_1976,0,1.0,-1.0
2077,sku_338,35,22.0,13.0
2078,sku_339,19,5.0,14.0
2079,sku_1971,10,4.0,6.0
2080,sku_340,7,3.0,4.0
2081,sku_2921,0,0.0,0.0
2082,sku_341,3,3.0,0.0
2083,sku_1970,3,1.0,2.0
2084,sku_1972,6,2.0,4.0
2085,sku_342,0,2.0,-2.0
2086,sku_334,0,1.0,-1.0
2087,sku_333,0,9.0,-9.0
2088,sku_326,0,3.0,-3.0
2089,sku_1984,0,2.0,-2.0
2090,sku_327,2,2.0,-0.0
2091,sku_1983,2,3.0,-1.0
2092,sku_328,0,0.0,-0.0
2093,sku_1982,5,1.0,4.0
2094,sku_1977,0,0.0,-0.0
2095,sku_329,0,1.0,-1.0
2096,sku_330,0,1.0,-1.0
2097,sku_1980,8,0.0,8.0
2098,sku_331,26,12.0,14.0
2099,sku_1979,0,1.0,-1.0
2100,sku_332,2,7.0,-5.0
2101,sku_1978,0,0.0,-0.0
2102,sku_1981,5,1.0,4.0
2103,sku_360,0,1.0,-1.0
2104,sku_1969,4,1.0,3.0
2105,sku_1968,0,1.0,-1.0
2106,sku_1959,0,0.0,-0.0
2107,sku_353,8,1.0,7.0
2108,sku_1958,0,0.0,-0.0
2109,sku_354,5,4.0,1.0
2110,sku_1957,0,1.0,-1.0
2111,sku_355,30,30.0,-0.0
2112,sku_352,10,5.0,5.0
2113,sku_1956,0,0.0,-0.0
2114,sku_1955,0,0.0,-0.0
2115,sku_357,7,5.0,2.0
2116,sku_1954,0,0.0,-0.0
2117,sku_358,8,4.0,4.0
2118,sku_1953,0,0.0,-0.0
2119,sku_359,6,1.0,5.0
2120,sku_356,0,23.0,-23.0
2121,sku_343,6,6.0,0.0
2122,sku_1960,0,0.0,-0.0
2123,sku_2920,0,0.0,-0.0
2124,sku_344,0,0.0,-0.0
2125,sku_1967,3,1.0,2.0
2126,sku_345,7,4.0,3.0
2127,sku_1966,6,1.0,5.0
2128,sku_346,4,6.0,-2.0
2129,sku_1965,6,1.0,5.0
2130,sku_351,5,7.0,-2.0
2131,sku_347,7,4.0,3.0
2132,sku_348,6,13.0,-7.0
2133,sku_1963,16,11.0,5.0
2134,sku_1962,1,0.0,1.0
2135,sku_349,7,3.0,4.0
2136,sku_1961,0,0.0,-0.0
2137,sku_350,127,66.0,61.0
2138,sku_1964,58,24.0,34.0
2139,sku_1694,7,4.0,3.0
2140,sku_396,11,9.0,2.0
2141,sku_397,11,7.0,4.0
2142,sku_442,9,8.0,1.0
2143,sku_1863,4,3.0,1.0
2144,sku_443,3,4.0,-2.0
2145,sku_1862,20,11.0,9.0
2146,sku_444,4,5.0,-1.0
2147,sku_1861,6,1.0,5.0
2148,sku_1864,11,2.0,9.0
2149,sku_445,5,4.0,1.0
2150,sku_446,8,6.0,2.0
2151,sku_1859,3,0.0,3.0
2152,sku_447,4,7.0,-3.0
2153,sku_1858,8,1.0,7.0
2154,sku_448,22,8.0,14.0
2155,sku_1857,8,1.0,7.0
2156,sku_1860,3,2.0,1.0
2157,sku_449,6,7.0,-1.0
2158,sku_441,4,1.0,3.0
2159,sku_440,21,5.0,16.0
2160,sku_433,0,1.0,-1.0
2161,sku_1872,0,0.0,-0.0
2162,sku_434,0,2.0,-2.0
2163,sku_1871,0,0.0,-0.0
2164,sku_435,3,3.0,0.0
2165,sku_1870,0,0.0,-0.0
2166,sku_1865,0,0.0,-0.0
2167,sku_436,10,2.0,8.0
2168,sku_437,10,5.0,5.0
2169,sku_1868,0,0.0,-0.0
2170,sku_438,12,4.0,8.0
2171,sku_1867,0,0.0,-0.0
2172,sku_439,11,4.0,7.0
2173,sku_1866,0,0.0,-0.0
2174,sku_1869,0,0.0,-0.0
2175,sku_1873,0,0.0,-0.0
2176,sku_1856,6,2.0,4.0
2177,sku_1855,7,2.0,5.0
2178,sku_460,15,7.0,8.0
2179,sku_1845,6,1.0,5.0
2180,sku_461,5,4.0,1.0
2181,sku_1844,12,1.0,11.0
2182,sku_462,26,15.0,11.0
2183,sku_1843,6,3.0,3.0
2184,sku_1846,4,1.0,3.0
2185,sku_463,6,5.0,1.0
2186,sku_464,24,10.0,14.0
2187,sku_1841,10,2.0,8.0
2188,sku_1840,14,7.0,7.0
2189,sku_465,150,84.0,66.0
2190,sku_1839,6,1.0,5.0
2191,sku_466,114,14.0,100.0
2192,sku_1842,0,2.0,-2.0
2193,sku_450,4,4.0,0.0
2194,sku_459,11,6.0,5.0
2195,sku_458,11,5.0,6.0
2196,sku_451,5,4.0,1.0
2197,sku_1854,0,0.0,-0.0
2198,sku_452,0,2.0,-2.0
2199,sku_1853,5,1.0,4.0
2200,sku_453,12,4.0,8.0
2201,sku_1852,6,1.0,5.0
2202,sku_1847,6,1.0,5.0
2203,sku_454,38,7.0,31.0
2204,sku_455,7,5.0,2.0
2205,sku_1850,0,0.0,-0.0
2206,sku_456,6,4.0,2.0
2207,sku_1849,0,0.0,-0.0
2208,sku_457,10,7.0,3.0
2209,sku_1848,0,0.0,-0.0
2210,sku_1851,1,0.0,1.0
2211,sku_1912,0,0.0,-0.0
2212,sku_432,11,3.0,8.0
2213,sku_431,16,11.0,5.0
2214,sku_1902,0,0.0,-0.0
2215,sku_1901,7,0.0,7.0
2216,sku_407,15,5.0,10.0
2217,sku_1900,0,1.0,-1.0
2218,sku_408,7,5.0,2.0
2219,sku_1899,0,0.0,-0.0
2220,sku_406,8,4.0,4.0
2221,sku_409,21,16.0,5.0
2222,sku_410,4,6.0,-2.0
2223,sku_1897,0,0.0,-0.0
2224,sku_411,16,5.0,11.0
2225,sku_1896,0,0.0,-0.0
2226,sku_412,8,4.0,4.0
2227,sku_1895,0,0.0,-0.0
2228,sku_1898,0,0.0,-0.0
2229,sku_413,28,12.0,16.0
2230,sku_1903,0,0.0,-0.0
2231,sku_1904,1,0.0,1.0
2232,sku_1911,0,0.0,-0.0
2233,sku_398,6,1.0,5.0
2234,sku_1910,0,0.0,-0.0
2235,sku_399,10,1.0,9.0
2236,sku_1909,0,0.0,-0.0
2237,sku_400,8,10.0,-2.0
2238,sku_405,5,5.0,0.0
2239,sku_1908,0,1.0,-1.0
2240,sku_1907,1,1.0,0.0
2241,sku_402,0,5.0,-5.0
2242,sku_1906,0,0.0,-0.0
2243,sku_403,12,5.0,7.0
2244,sku_1905,0,0.0,-0.0
2245,sku_404,12,8.0,4.0
2246,sku_401,4,4.0,0.0
2247,sku_1874,0,0.0,-0.0
2248,sku_1894,6,0.0,6.0
2249,sku_1893,5,3.0,2.0
2250,sku_424,6,4.0,2.0
2251,sku_1881,0,0.0,-0.0
2252,sku_425,6,6.0,-0.0
2253,sku_1880,0,0.0,-0.0
2254,sku_426,17,16.0,2.0
2255,sku_1879,2,0.0,2.0
2256,sku_1882,0,0.0,-0.0
2257,sku_427,7,5.0,2.0
2258,sku_428,0,0.0,-0.0
2259,sku_1877,0,0.0,-0.0
2260,sku_429,17,7.0,10.0
2261,sku_1876,0,0.0,-0.0
2262,sku_430,6,4.0,2.0
2263,sku_1875,0,0.0,-0.0
2264,sku_1878,0,0.0,-0.0
2265,sku_414,0,16.0,-16.0
2266,sku_423,2,5.0,-3.0
2267,sku_422,11,13.0,-2.0
2268,sku_415,0,0.0,-0.0
2269,sku_1892,0,0.0,-0.0
2270,sku_416,0,0.0,-0.0
2271,sku_1890,0,0.0,-0.0
2272,sku_417,13,6.0,7.0
2273,sku_1889,0,0.0,-0.0
2274,sku_1883,0,1.0,-1.0
2275,sku_418,11,6.0,5.0
2276,sku_419,5,1.0,4.0
2277,sku_1886,0,0.0,-0.0
2278,sku_420,4,1.0,3.0
2279,sku_1885,0,0.0,-0.0
2280,sku_421,6,4.0,2.0
2281,sku_1884,0,0.0,-0.0
2282,sku_1887,0,1.0,-1.0
2283,sku_2701,23,10.0,13.0
2284,sku_2702,1,20.0,-19.0
2285,sku_1942,0,0.0,-0.0
2286,sku_2703,0,0.0,-0.0
2287,sku_1941,0,0.0,-0.0
2288,sku_2704,13,7.0,6.0
2289,sku_2705,9,8.0,1.0
2290,sku_2706,7,1.0,6.0
2291,sku_2707,6,1.0,5.0
2292,sku_2708,5,6.0,-1.0
2293,sku_2709,22,19.0,3.0
2294,sku_2716,0,1.0,-1.0
2295,sku_2715,0,1.0,-1.0
2296,sku_1930,0,0.0,-0.0
2297,sku_2714,6,6.0,-0.0
2298,sku_2713,4,9.0,-5.0
2299,sku_2712,6,7.0,-1.0
2300,sku_2711,9,14.0,-5.0
2301,sku_2710,0,6.0,-6.0
2302,sku_2700,7,10.0,-3.0
2303,sku_2699,22,9.0,13.0
2304,sku_2689,0,8.0,-8.0
2305,sku_2688,1,4.0,-3.0
2306,sku_2687,7,14.0,-7.0
2307,sku_2690,9,23.0,-14.0
2308,sku_2685,2,2.0,0.0
2309,sku_2684,7,13.0,-6.0
2310,sku_2683,14,8.0,6.0
2311,sku_2686,11,1.0,10.0
2312,sku_2698,7,8.0,-1.0
2313,sku_2697,13,12.0,1.0
2314,sku_2696,4,6.0,-2.0
2315,sku_2691,73,43.0,30.0
2316,sku_2694,0,0.0,-0.0
2317,sku_2693,7,7.0,-0.0
2318,sku_2692,6,7.0,-1.0
2319,sku_2695,12,6.0,6.0
2320,sku_2717,32,21.0,11.0
2321,sku_2718,4,8.0,-4.0
2322,sku_2743,10,8.0,2.0
2323,sku_2742,9,9.0,-0.0
2324,sku_2741,6,7.0,-1.0
2325,sku_2744,5,6.0,-1.0
2326,sku_2739,5,7.0,-2.0
2327,sku_2738,5,8.0,-3.0
2328,sku_2737,14,8.0,6.0
2329,sku_2740,0,5.0,-5.0
2330,sku_2752,24,13.0,11.0
2331,sku_2751,4,6.0,-2.0
2332,sku_2750,31,13.0,18.0
2333,sku_2745,14,11.0,3.0
2334,sku_2748,6,14.0,-8.0
2335,sku_2747,6,7.0,-1.0
2336,sku_2746,3,8.0,-5.0
2337,sku_2749,5,6.0,-1.0
2338,sku_2736,12,9.0,3.0
2339,sku_2735,6,8.0,-2.0
2340,sku_2725,17,13.0,4.0
2341,sku_2724,10,3.0,7.0
2342,sku_2723,4,3.0,1.0
2343,sku_2722,2,2.0,0.0
2344,sku_2721,3,3.0,0.0
2345,sku_2720,10,3.0,7.0
2346,sku_2719,13,10.0,3.0
2347,sku_2726,10,6.0,4.0
2348,sku_2727,19,7.0,12.0
2349,sku_2734,21,10.0,11.0
2350,sku_2733,1,11.0,-10.0
2351,sku_2732,3,8.0,-5.0
2352,sku_2730,90,26.0,64.0
2353,sku_2729,2,2.0,0.0
2354,sku_1916,0,0.0,-0.0
2355,sku_2728,13,11.0,2.0
2356,sku_2731,6,7.0,-1.0
2357,sku_2682,11,11.0,-0.0
2358,sku_2681,219,55.0,164.0
2359,sku_2635,6,15.0,-9.0
2360,sku_2634,7,9.0,-2.0
2361,sku_2010,2,1.0,1.0
2362,sku_2633,10,13.0,-3.0
2363,sku_2632,7,6.0,1.0
2364,sku_2631,0,0.0,-0.0
2365,sku_2630,8,7.0,1.0
2366,sku_2629,6,5.0,1.0
2367,sku_2628,5,14.0,-9.0
2368,sku_2636,5,6.0,-1.0
2369,sku_2637,41,71.0,-30.0
2370,sku_2644,6,6.0,-0.0
2371,sku_2643,0,27.0,-27.0
2372,sku_2642,19,29.0,-10.0
2373,sku_2641,5,7.0,-2.0
2374,sku_2640,6,1.0,5.0
2375,sku_2639,15,9.0,6.0
2376,sku_2638,16,14.0,2.0
2377,sku_2617,0,0.0,-0.0
2378,sku_2027,0,0.0,-0.0
2379,sku_2616,2,2.0,0.0
2380,sku_2615,0,0.0,-0.0
2381,sku_2614,2,9.0,-7.0
2382,sku_2613,0,4.0,-4.0
2383,sku_2612,0,2.0,-2.0
2384,sku_2031,0,1.0,-1.0
2385,sku_2611,0,4.0,-4.0
2386,sku_2610,5,6.0,-1.0
2387,sku_2627,3,2.0,1.0
2388,sku_2618,0,21.0,-21.0
2389,sku_2619,3,5.0,-2.0
2390,sku_2626,12,8.0,4.0
2391,sku_2625,3,4.0,-1.0
2392,sku_2624,0,1.0,-1.0
2393,sku_2623,12,33.0,-21.0
2394,sku_2622,0,10.0,-10.0
2395,sku_2621,1,2.0,-1.0
2396,sku_2620,18,10.0,8.0
2397,sku_2753,80,108.0,-28.0
2398,sku_2645,5,6.0,-1.0
2399,sku_2646,6,3.0,3.0
2400,sku_2671,0,3.0,-3.0
2401,sku_2670,30,11.0,19.0
2402,sku_2669,16,11.0,5.0
2403,sku_2672,5,6.0,-1.0
2404,sku_2668,6,6.0,-0.0
2405,sku_2667,7,7.0,-0.0
2406,sku_2666,0,4.0,-4.0
2407,sku_2665,3,5.0,-2.0
2408,sku_2664,4,5.0,-1.0
2409,sku_2680,12,7.0,5.0
2410,sku_2679,0,1.0,-1.0
2411,sku_2678,5,4.0,1.0
2412,sku_2673,9,10.0,-1.0
2413,sku_2676,3,13.0,-10.0
2414,sku_2675,7,9.0,-2.0
2415,sku_2674,7,5.0,2.0
2416,sku_2677,42,13.0,29.0
2417,sku_2653,86,51.0,35.0
2418,sku_2652,0,2.0,-2.0
2419,sku_2651,0,2.0,-2.0
2420,sku_2650,2,6.0,-4.0
2421,sku_2649,14,7.0,7.0
2422,sku_2648,8,4.0,4.0
2423,sku_2647,2,1.0,1.0
2424,sku_2663,2,4.0,-2.0
2425,sku_2654,7,6.0,1.0
2426,sku_2655,3,5.0,-2.0
2427,sku_2662,5,6.0,-1.0
2428,sku_2661,2,8.0,-6.0
2429,sku_2660,26,10.0,16.0
2430,sku_2659,4,7.0,-3.0
2431,sku_2658,4,11.0,-7.0
2432,sku_2657,4,6.0,-2.0
2433,sku_2656,7,4.0,3.0
2434,sku_1891,0,0.0,-0.0
2435,sku_1800,1,0.0,1.0
2436,sku_1807,0,0.0,-0.0
2437,sku_1765,0,0.0,0.0
2438,sku_2826,0,1.0,-1.0
2439,sku_2779,0,4.0,-4.0
2440,sku_2778,0,8.0,-8.0
2441,sku_2777,1,1.0,-0.0
2442,sku_2780,10,12.0,-2.0
2443,sku_2775,12,13.0,-1.0
2444,sku_2774,0,6.0,-6.0
2445,sku_2773,5,7.0,-2.0
2446,sku_2776,6,7.0,-1.0
2447,sku_2788,1,4.0,-3.0
2448,sku_2787,10,3.0,7.0
2449,sku_2786,11,14.0,-3.0
2450,sku_2781,6,5.0,1.0
2451,sku_2784,0,4.0,-4.0
2452,sku_2783,10,9.0,1.0
2453,sku_2782,6,8.0,-2.0
2454,sku_2785,10,10.0,0.0
2455,sku_2789,0,5.0,-5.0
2456,sku_2772,1,0.0,1.0
2457,sku_2771,5,9.0,-4.0
2458,sku_2761,5,13.0,-8.0
2459,sku_2760,5,6.0,-1.0
2460,sku_2759,23,26.0,-3.0
2461,sku_2762,4,8.0,-4.0
2462,sku_1888,0,0.0,-0.0
2463,sku_2757,1,0.0,1.0
2464,sku_2756,6,4.0,2.0
2465,sku_2755,12,12.0,0.0
2466,sku_2758,18,22.0,-4.0
2467,sku_2770,4,6.0,-2.0
2468,sku_2769,17,15.0,2.0
2469,sku_2768,9,6.0,3.0
2470,sku_2763,10,7.0,3.0
2471,sku_2766,6,4.0,2.0
2472,sku_2765,5,6.0,-1.0
2473,sku_2764,9,8.0,1.0
2474,sku_2767,5,10.0,-5.0
2475,sku_2754,40,15.0,25.0
2476,sku_2790,8,8.0,-0.0
2477,sku_2791,5,7.0,-2.0
2478,sku_2816,0,0.0,-0.0
2479,sku_2815,53,20.0,33.0
2480,sku_2814,9,9.0,0.0
2481,sku_2813,4,7.0,-3.0
2482,sku_2812,0,4.0,-4.0
2483,sku_2811,3,3.0,-0.0
2484,sku_2810,5,6.0,-1.0
2485,sku_2809,10,9.0,1.0
2486,sku_2817,0,0.0,-0.0
2487,sku_2818,7,2.0,5.0
2488,sku_2825,37,22.0,15.0
2489,sku_2824,5,6.0,-1.0
2490,sku_2823,23,9.0,14.0
2491,sku_2822,6,9.0,-3.0
2492,sku_2821,5,6.0,-1.0
2493,sku_2820,14,12.0,2.0
2494,sku_2819,29,13.0,16.0
2495,sku_2798,10,8.0,2.0
2496,sku_2797,4,5.0,-1.0
2497,sku_2796,6,6.0,-0.0
2498,sku_2795,2,0.0,2.0
2499,sku_2794,3,5.0,-2.0
2500,sku_2793,5,7.0,-2.0
2501,sku_2792,4,4.0,-0.0
2502,sku_2808,0,2.0,-2.0
2503,sku_2799,3,3.0,-0.0
2504,sku_2800,5,5.0,0.0
2505,sku_2807,0,1.0,-1.0
2506,sku_2806,0,0.0,-0.0
2507,sku_2805,0,0.0,-0.0
2508,sku_2804,6,3.0,3.0
2509,sku_2803,17,8.0,9.0
2510,sku_2802,6,7.0,-1.0
2511,sku_2801,4,9.0,-5.0
2512,sku_2609,4,4.0,0.0
2513,sku_2608,2,11.0,-9.0
2514,sku_2411,0,1.0,-1.0
2515,sku_2228,0,0.0,-0.0
2516,sku_2412,0,3.0,-3.0
2517,sku_2227,0,0.0,-0.0
2518,sku_2413,4,2.0,2.0
2519,sku_2226,0,0.0,-0.0
2520,sku_2414,2,1.0,1.0
2521,sku_2225,0,0.0,-0.0
2522,sku_2415,0,2.0,-2.0
2523,sku_2224,0,1.0,-1.0
2524,sku_2416,0,1.0,-1.0
2525,sku_2223,1,0.0,1.0
2526,sku_2417,0,1.0,-1.0
2527,sku_2222,1,0.0,1.0
2528,sku_2418,0,1.0,-1.0
2529,sku_2221,1,0.0,1.0
2530,sku_2419,0,2.0,-2.0
2531,sku_2426,2,2.0,-0.0
2532,sku_2214,0,0.0,-0.0
2533,sku_2425,0,2.0,-2.0
2534,sku_2215,0,0.0,-0.0
2535,sku_2424,0,1.0,-1.0
2536,sku_2216,0,0.0,-0.0
2537,sku_2229,0,0.0,-0.0
2538,sku_2423,0,2.0,-2.0
2539,sku_2422,0,0.0,-0.0
2540,sku_2218,0,0.0,-0.0
2541,sku_2421,0,0.0,-0.0
2542,sku_2219,0,0.0,-0.0
2543,sku_2420,6,3.0,3.0
2544,sku_2220,0,0.0,-0.0
2545,sku_2217,0,0.0,-0.0
2546,sku_2410,0,1.0,-1.0
2547,sku_2230,5,0.0,5.0
2548,sku_2409,6,2.0,4.0
2549,sku_2240,0,0.0,-0.0
2550,sku_2399,4,2.0,2.0
2551,sku_2241,0,0.0,-0.0
2552,sku_2398,3,2.0,1.0
2553,sku_2242,0,0.0,-0.0
2554,sku_2397,2,2.0,0.0
2555,sku_2400,0,3.0,-3.0
2556,sku_2243,0,0.0,-0.0
2557,sku_2244,0,0.0,-0.0
2558,sku_2395,4,3.0,1.0
2559,sku_2245,0,0.0,-0.0
2560,sku_2394,0,2.0,-2.0
2561,sku_2246,0,0.0,-0.0
2562,sku_2393,2,2.0,0.0
2563,sku_2396,3,2.0,1.0
2564,sku_2213,0,0.0,0.0
2565,sku_2239,0,0.0,-0.0
2566,sku_2238,1,0.0,1.0
2567,sku_2231,3,0.0,3.0
2568,sku_2408,0,2.0,-2.0
2569,sku_2232,3,0.0,3.0
2570,sku_2407,2,2.0,0.0
2571,sku_2233,0,0.0,-0.0
2572,sku_2406,0,1.0,-1.0
2573,sku_2401,5,6.0,-0.0
2574,sku_2234,0,0.0,-0.0
2575,sku_2235,0,0.0,-0.0
2576,sku_2404,0,2.0,-2.0
2577,sku_2236,0,0.0,-0.0
2578,sku_2403,7,7.0,0.0
2579,sku_2237,0,0.0,-0.0
2580,sku_2402,12,4.0,8.0
2581,sku_2405,2,2.0,0.0
2582,sku_2427,0,7.0,-7.0
2583,sku_2212,0,0.0,-0.0
2584,sku_2428,0,4.0,-4.0
2585,sku_2187,5,1.0,4.0
2586,sku_2453,3,2.0,1.0
2587,sku_2188,4,1.0,3.0
2588,sku_2452,3,1.0,2.0
2589,sku_2189,4,0.0,4.0
2590,sku_2451,4,5.0,-1.0
2591,sku_2454,6,6.0,-0.0
2592,sku_2190,2,0.0,2.0
2593,sku_2191,0,0.0,0.0
2594,sku_2449,0,4.0,-4.0
2595,sku_2192,4,1.0,3.0
2596,sku_2448,14,15.0,-1.0
2597,sku_2193,0,0.0,-0.0
2598,sku_2447,4,2.0,2.0
2599,sku_2450,1,2.0,-1.0
2600,sku_2194,11,1.0,10.0
2601,sku_2186,4,1.0,3.0
2602,sku_2185,6,1.0,5.0
2603,sku_2178,1,1.0,0.0
2604,sku_2462,18,10.0,8.0
2605,sku_2179,5,1.0,4.0
2606,sku_2461,6,3.0,3.0
2607,sku_2180,0,1.0,-1.0
2608,sku_2460,2,2.0,-0.0
2609,sku_2455,5,2.0,3.0
2610,sku_2181,3,1.0,2.0
2611,sku_2182,21,5.0,16.0
2612,sku_2458,15,4.0,11.0
2613,sku_2183,5,3.0,2.0
2614,sku_2457,6,4.0,2.0
2615,sku_2184,4,1.0,3.0
2616,sku_2456,0,3.0,-3.0
2617,sku_2459,0,2.0,-2.0
2618,sku_2247,0,0.0,-0.0
2619,sku_2446,0,6.0,-6.0
2620,sku_2445,0,2.0,-2.0
2621,sku_2435,0,2.0,-2.0
2622,sku_2205,4,1.0,3.0
2623,sku_2434,25,18.0,7.0
2624,sku_2206,7,1.0,6.0
2625,sku_2433,11,18.0,-7.0
2626,sku_2207,6,1.0,5.0
2627,sku_2436,0,1.0,-1.0
2628,sku_2432,29,16.0,13.0
2629,sku_2431,0,3.0,-3.0
2630,sku_2209,8,0.0,8.0
2631,sku_2430,0,29.0,-29.0
2632,sku_2210,0,0.0,-0.0
2633,sku_2429,6,3.0,3.0
2634,sku_2211,0,0.0,-0.0
2635,sku_2208,6,1.0,5.0
2636,sku_2195,1,0.0,0.0
2637,sku_2204,6,1.0,5.0
2638,sku_2203,11,1.0,10.0
2639,sku_2196,6,1.0,5.0
2640,sku_2444,0,14.0,-14.0
2641,sku_2197,6,1.0,5.0
2642,sku_2443,4,4.0,0.0
2643,sku_2198,4,1.0,3.0
2644,sku_2442,13,2.0,11.0
2645,sku_2437,0,1.0,-1.0
2646,sku_2199,3,1.0,2.0
2647,sku_2200,5,1.0,4.0
2648,sku_2440,5,3.0,2.0
2649,sku_2201,4,1.0,3.0
2650,sku_2439,4,1.0,3.0
2651,sku_2202,6,1.0,5.0
2652,sku_2438,0,2.0,-2.0
2653,sku_2441,0,2.0,-2.0
2654,sku_2392,0,2.0,-2.0
2655,sku_2248,0,0.0,-0.0
2656,sku_2391,0,1.0,-1.0
2657,sku_2345,5,30.0,-25.0
2658,sku_2295,6,3.0,3.0
2659,sku_2344,5,1.0,4.0
2660,sku_2296,0,3.0,-3.0
2661,sku_2343,0,4.0,-4.0
2662,sku_2297,0,7.0,-7.0
2663,sku_2294,0,16.0,-16.0
2664,sku_2342,8,11.0,-3.0
2665,sku_2341,4,7.0,-3.0
2666,sku_2299,3,1.0,2.0
2667,sku_2340,17,13.0,4.0
2668,sku_2300,14,5.0,9.0
2669,sku_2339,17,12.0,5.0
2670,sku_2301,4,2.0,2.0
2671,sku_2298,0,2.0,-2.0
2672,sku_2338,8,8.0,-0.0
2673,sku_2346,14,16.0,-2.0
2674,sku_2347,0,14.0,-14.0
2675,sku_2354,6,5.0,1.0
2676,sku_2286,7,2.0,5.0
2677,sku_2353,5,7.0,-2.0
2678,sku_2287,9,16.0,-7.0
2679,sku_2352,3,3.0,0.0
2680,sku_2288,11,13.0,-2.0
2681,sku_2293,0,2.0,-2.0
2682,sku_2351,5,18.0,-13.0
2683,sku_2350,11,9.0,2.0
2684,sku_2290,21,4.0,17.0
2685,sku_2349,123,82.0,41.0
2686,sku_2291,4,1.0,3.0
2687,sku_2348,117,34.0,83.0
2688,sku_2292,0,9.0,-9.0
2689,sku_2289,0,10.0,-10.0
2690,sku_2285,4,2.0,2.0
2691,sku_2302,9,6.0,3.0
2692,sku_2303,1,1.0,-0.0
2693,sku_2327,9,9.0,0.0
2694,sku_2313,0,1.0,-1.0
2695,sku_2326,4,5.0,-1.0
2696,sku_2314,0,1.0,-1.0
2697,sku_2325,0,1.0,-1.0
2698,sku_2315,0,8.0,-8.0
2699,sku_2312,0,0.0,-0.0
2700,sku_2324,0,1.0,-1.0
2701,sku_2323,0,1.0,-1.0
2702,sku_2317,0,1.0,-1.0
2703,sku_2322,0,2.0,-2.0
2704,sku_2318,0,1.0,-1.0
2705,sku_2321,10,4.0,6.0
2706,sku_2319,0,3.0,-3.0
2707,sku_2316,3,4.0,-1.0
2708,sku_2337,23,17.0,6.0
2709,sku_2328,4,8.0,-4.0
2710,sku_2329,1,0.0,1.0
2711,sku_2336,5,18.0,-13.0
2712,sku_2304,0,0.0,-0.0
2713,sku_2335,9,7.0,2.0
2714,sku_2305,0,0.0,-0.0
2715,sku_2334,0,67.0,-67.0
2716,sku_2306,4,7.0,-3.0
2717,sku_2311,0,0.0,-0.0
2718,sku_2333,67,18.0,49.0
2719,sku_2332,9,10.0,-1.0
2720,sku_2308,0,1.0,-1.0
2721,sku_2331,4,6.0,-2.0
2722,sku_2309,2,3.0,-1.0
2723,sku_2330,7,6.0,1.0
2724,sku_2310,3,2.0,1.0
2725,sku_2307,2,2.0,-0.0
2726,sku_2463,3,4.0,-1.0
2727,sku_2355,5,5.0,0.0
2728,sku_2356,4,5.0,-1.0
2729,sku_2258,0,0.0,-0.0
2730,sku_2381,3,10.0,-7.0
2731,sku_2259,0,0.0,-0.0
2732,sku_2380,4,6.0,-2.0
2733,sku_2260,0,0.0,0.0
2734,sku_2379,3,6.0,-3.0
2735,sku_2382,5,8.0,-3.0
2736,sku_2377,10,8.0,2.0
2737,sku_2376,3,4.0,-1.0
2738,sku_2375,3,5.0,-2.0
2739,sku_2378,1,5.0,-4.0
2740,sku_2374,5,3.0,2.0
2741,sku_2257,0,0.0,-0.0
2742,sku_2256,0,0.0,-0.0
2743,sku_2249,0,0.0,-0.0
2744,sku_2390,0,1.0,-1.0
2745,sku_2250,1,0.0,1.0
2746,sku_2389,0,1.0,-1.0
2747,sku_2251,0,0.0,-0.0
2748,sku_2388,0,3.0,-3.0
2749,sku_2383,0,1.0,-1.0
2750,sku_2252,0,0.0,-0.0
2751,sku_2253,1,0.0,1.0
2752,sku_2386,2,2.0,0.0
2753,sku_2254,0,0.0,-0.0
2754,sku_2385,0,0.0,-0.0
2755,sku_2255,0,0.0,-0.0
2756,sku_2384,5,2.0,3.0
2757,sku_2387,0,1.0,-1.0
2758,sku_2284,1,6.0,-5.0
2759,sku_2267,0,0.0,-0.0
2760,sku_2363,7,8.0,-1.0
2761,sku_2277,11,3.0,8.0
2762,sku_2362,1,1.0,-0.0
2763,sku_2278,14,3.0,11.0
2764,sku_2361,2,3.0,-1.0
2765,sku_2279,0,0.0,-0.0
2766,sku_2276,14,3.0,11.0
2767,sku_2360,0,8.0,-8.0
2768,sku_2359,3,6.0,-3.0
2769,sku_2281,5,7.0,-2.0
2770,sku_2358,6,4.0,2.0
2771,sku_2282,10,12.0,-2.0
2772,sku_2357,0,9.0,-9.0
2773,sku_2283,0,47.0,-47.0
2774,sku_2280,175,70.0,105.0
2775,sku_2373,5,12.0,-7.0
2776,sku_2364,3,7.0,-4.0
2777,sku_2365,7,6.0,1.0
2778,sku_2372,4,6.0,-2.0
2779,sku_2371,0,0.0,-0.0
2780,sku_2269,3,0.0,3.0
2781,sku_2370,0,3.0,-3.0
2782,sku_2275,18,4.0,14.0
2783,sku_2369,2,6.0,-4.0
2784,sku_2368,6,6.0,-0.0
2785,sku_2367,2,6.0,-4.0
2786,sku_2366,0,5.0,-5.0
2787,sku_2274,14,5.0,9.0
2788,sku_2177,0,1.0,-1.0
2789,sku_2464,0,4.0,-4.0
2790,sku_2176,7,1.0,6.0
2791,sku_2562,3,6.0,-3.0
2792,sku_2561,6,11.0,-5.0
2793,sku_2560,17,15.0,2.0
2794,sku_2563,12,12.0,-0.0
2795,sku_2558,2,1.0,1.0
2796,sku_2557,1,0.0,1.0
2797,sku_2556,0,0.0,-0.0
2798,sku_2559,34,11.0,23.0
2799,sku_2571,24,5.0,19.0
2800,sku_2570,0,2.0,-2.0
2801,sku_2569,4,8.0,-4.0
2802,sku_2564,15,12.0,3.0
2803,sku_2075,0,0.0,-0.0
2804,sku_2567,25,10.0,15.0
2805,sku_2566,4,6.0,-2.0
2806,sku_2565,3,4.0,-1.0
2807,sku_2568,4,7.0,-3.0
2808,sku_2572,9,8.0,1.0
2809,sku_2555,0,2.0,-2.0
2810,sku_2554,0,2.0,-2.0
2811,sku_2544,7,14.0,-7.0
2812,sku_2543,241,26.0,215.0
2813,sku_2542,8,9.0,-1.0
2814,sku_2541,17,6.0,11.0
2815,sku_2540,2,8.0,-6.0
2816,sku_2539,31,5.0,26.0
2817,sku_2538,0,6.0,-6.0
2818,sku_2545,56,48.0,8.0
2819,sku_2546,12,7.0,5.0
2820,sku_2553,5,6.0,-1.0
2821,sku_2552,180,45.0,135.0
2822,sku_2551,0,5.0,-5.0
2823,sku_2550,3,8.0,-5.0
2824,sku_2549,21,12.0,9.0
2825,sku_2548,2,1.0,1.0
2826,sku_2547,0,4.0,-4.0
2827,sku_2537,0,1.0,-1.0
2828,sku_2598,5,8.0,-3.0
2829,sku_2597,43,20.0,23.0
2830,sku_2596,3,1.0,2.0
2831,sku_2599,11,11.0,0.0
2832,sku_2594,6,6.0,0.0
2833,sku_2593,9,5.0,4.0
2834,sku_2592,19,8.0,11.0
2835,sku_2595,1,4.0,-3.0
2836,sku_2607,3,7.0,-4.0
2837,sku_2606,10,7.0,3.0
2838,sku_2037,1,0.0,1.0
2839,sku_2605,8,6.0,2.0
2840,sku_2600,187,63.0,124.0
2841,sku_2603,5,3.0,2.0
2842,sku_2602,3,4.0,-1.0
2843,sku_2601,43,22.0,21.0
2844,sku_2604,5,11.0,-6.0
2845,sku_2573,6,16.0,-10.0
2846,sku_2591,0,0.0,-0.0
2847,sku_2590,2,3.0,-1.0
2848,sku_2580,4,6.0,-2.0
2849,sku_2579,6,8.0,-2.0
2850,sku_2578,2,5.0,-3.0
2851,sku_2581,0,3.0,-3.0
2852,sku_2576,11,7.0,4.0
2853,sku_2575,4,3.0,1.0
2854,sku_2574,33,21.0,12.0
2855,sku_2577,3,5.0,-2.0
2856,sku_2589,24,32.0,-8.0
2857,sku_2588,13,16.0,-3.0
2858,sku_2587,12,14.0,-2.0
2859,sku_2582,3,2.0,1.0
2860,sku_2585,15,14.0,1.0
2861,sku_2584,4,5.0,-1.0
2862,sku_2583,0,1.0,-1.0
2863,sku_2586,179,70.0,109.0
2864,sku_2489,5,4.0,1.0
2865,sku_2488,6,5.0,1.0
2866,sku_2487,7,4.0,3.0
2867,sku_2490,8,5.0,3.0
2868,sku_2485,1,2.0,-1.0
2869,sku_2484,1,3.0,-2.0
2870,sku_2483,2,4.0,-2.0
2871,sku_2486,8,2.0,6.0
2872,sku_2499,0,2.0,-2.0
2873,sku_2498,0,1.0,-1.0
2874,sku_2497,1,1.0,-0.0
2875,sku_2491,4,3.0,1.0
2876,sku_2496,0,2.0,-2.0
2877,sku_2495,0,1.0,-1.0
2878,sku_2494,0,2.0,-2.0
2879,sku_2493,2,3.0,-1.0
2880,sku_2492,2,2.0,0.0
2881,sku_2482,3,2.0,1.0
2882,sku_2481,2,2.0,-0.0
2883,sku_2169,1,0.0,1.0
2884,sku_2471,3,3.0,-0.0
2885,sku_2170,1,0.0,1.0
2886,sku_2470,20,10.0,10.0
2887,sku_2171,3,1.0,2.0
2888,sku_2469,0,2.0,-2.0
2889,sku_2472,10,4.0,6.0
2890,sku_2172,4,1.0,3.0
2891,sku_2173,2,1.0,1.0
2892,sku_2467,7,3.0,4.0
2893,sku_2174,1,0.0,1.0
2894,sku_2466,3,4.0,-1.0
2895,sku_2175,6,2.0,4.0
2896,sku_2465,7,4.0,3.0
2897,sku_2468,1,1.0,-0.0
2898,sku_2168,0,0.0,-0.0
2899,sku_2167,2,0.0,2.0
2900,sku_2480,2,1.0,1.0
2901,sku_2479,0,1.0,-1.0
2902,sku_2478,13,12.0,1.0
2903,sku_2473,4,3.0,1.0
2904,sku_2163,4,1.0,3.0
2905,sku_2164,4,1.0,3.0
2906,sku_2476,4,4.0,-0.0
2907,sku_2165,2,0.0,2.0
2908,sku_2475,7,4.0,3.0
2909,sku_2166,0,0.0,-0.0
2910,sku_2474,2,2.0,-0.0
2911,sku_2477,6,5.0,1.0
2912,sku_2536,0,10.0,-10.0
2913,sku_2500,6,2.0,4.0
2914,sku_2501,0,2.0,-2.0
2915,sku_2526,383,110.0,273.0
2916,sku_2525,39,18.0,21.0
2917,sku_2524,0,1.0,-1.0
2918,sku_2523,0,0.0,-0.0
2919,sku_2522,8,7.0,1.0
2920,sku_2521,8,1.0,7.0
2921,sku_2520,8,2.0,6.0
2922,sku_2519,0,0.0,-0.0
2923,sku_2527,14,14.0,-0.0
2924,sku_2528,0,3.0,-3.0
2925,sku_2535,3,3.0,0.0
2926,sku_2534,16,6.0,10.0
2927,sku_2533,0,2.0,-2.0
2928,sku_2532,1,6.0,-5.0
2929,sku_2531,5,5.0,-0.0
2930,sku_2530,69,32.0,37.0
2931,sku_2529,2,5.0,-3.0
2932,sku_2508,0,1.0,-1.0
2933,sku_2507,8,3.0,5.0
2934,sku_2506,0,0.0,-0.0
2935,sku_2505,8,6.0,2.0
2936,sku_2504,6,4.0,2.0
2937,sku_2503,4,5.0,-1.0
2938,sku_2502,2,2.0,0.0
2939,sku_2518,0,3.0,-3.0
2940,sku_2509,0,0.0,-0.0
2941,sku_2510,3,3.0,0.0
2942,sku_2517,0,1.0,-1.0
2943,sku_2516,2,1.0,1.0
2944,sku_2515,2,5.0,-3.0
2945,sku_2514,0,2.0,-2.0
2946,sku_2513,6,2.0,4.0
2947,sku_2512,6,2.0,4.0
2948,sku_2511,2,1.0,1.0
2949,sku_1369,0,2.0,-2.0
2950,sku_2849,2,2.0,0.0
2951,sku_2850,0,0.0,-0.0
2952,sku_2848,0,0.0,-0.0
2953,sku_2847,6,6.0,0.0
2954,sku_2846,0,0.0,-0.0
2955,sku_2845,0,0.0,-0.0
2956,sku_2853,0,0.0,-0.0
2957,sku_2855,0,0.0,-0.0
2958,sku_2854,0,1.0,-1.0
2959,sku_1211,3,0.0,3.0
2960,sku_2851,2,2.0,0.0
2961,sku_2852,1,0.0,1.0
2962,sku_1259,0,0.0,-0.0
2963,sku_41,3,3.0,0.0
2964,sku_1643,1,1.0,0.0
2965,sku_2833,0,0.0,-0.0
2966,sku_1725,0,1.0,-1.0
2967,sku_2829,0,0.0,-0.0
2968,sku_1726,0,0.0,-0.0
2969,sku_2827,2,2.0,0.0
2970,sku_2828,0,0.0,-0.0
2971,sku_2832,0,0.0,-0.0
2972,sku_2831,0,1.0,-1.0
2973,sku_2830,1,1.0,-0.0
2974,sku_2841,1,0.0,1.0
2975,sku_1517,1,0.0,1.0
2976,sku_2839,2,2.0,0.0
2977,sku_2840,2,2.0,0.0
2978,sku_2842,0,0.0,-0.0
2979,sku_2844,0,0.0,-0.0
2980,sku_2843,0,0.0,-0.0
2981,sku_1500,0,0.0,-0.0
2982,sku_2835,0,1.0,-1.0
2983,sku_2834,1,1.0,-0.0
2984,sku_2836,0,1.0,-1.0
2985,sku_2838,0,8.0,-8.0
2986,sku_2837,0,2.0,-2.0
2987,sku_3029,0,0.0,0.0
2988,sku_2320,0,0.0,-0.0
2989,sku_3052,0,0.0,-0.0
2990,sku_4,0,36.0,-36.0
2991,sku_20,5,1.0,4.0
2992,sku_40,0,4.0,-4.0
2993,sku_28,0,2.0,-2.0
2994,sku_29,0,1.0,-1.0
2995,sku_18,0,3.0,-3.0
2996,sku_26,0,0.0,-0.0
2997,sku_14,0,3.0,-3.0
2998,sku_3061,0,0.0,-0.0
2999,sku_39,0,1.0,-1.0
3000,sku_3057,0,0.0,-0.0
3001,sku_3037,0,0.0,-0.0
3002,sku_8,7,8.0,-1.0
3003,sku_3050,0,0.0,-0.0
3004,sku_3063,0,0.0,0.0
3005,sku_3046,0,0.0,-0.0
3006,sku_3059,0,0.0,-0.0
3007,sku_3041,0,0.0,-0.0
3008,sku_3035,0,0.0,-0.0
3009,sku_25,0,0.0,-0.0
3010,sku_23,0,4.0,-4.0
3011,sku_33,0,0.0,-0.0
3012,sku_3043,0,0.0,-0.0
3013,sku_3051,0,0.0,-0.0
3014,sku_3030,0,0.0,-0.0
3015,sku_11,0,3.0,-3.0
3016,sku_3032,0,0.0,-0.0
3017,sku_34,0,1.0,-1.0
3018,sku_3049,0,0.0,-0.0
3019,sku_9,30,13.0,17.0
3020,sku_3039,0,0.0,-0.0
3021,sku_3048,0,0.0,-0.0
3022,sku_30,1,1.0,-0.0
3023,sku_35,2,1.0,1.0
3024,sku_16,7,2.0,5.0
3025,sku_3047,0,0.0,-0.0
3026,sku_31,5,2.0,3.0
3027,sku_3042,0,0.0,-0.0
3028,sku_5,5,4.0,1.0
3029,sku_3054,0,0.0,-0.0
3030,sku_21,0,5.0,-5.0
3031,sku_3053,0,0.0,-0.0
3032,sku_3056,0,0.0,-0.0
3033,sku_13,0,8.0,-8.0
3034,sku_27,8,4.0,4.0
3035,sku_3055,0,0.0,-0.0
3036,sku_3033,0,0.0,-0.0
3037,sku_17,0,4.0,-4.0
3038,sku_22,6,0.0,6.0
3039,sku_15,0,15.0,-15.0
3040,sku_12,3,2.0,1.0
3041,sku_38,0,0.0,-0.0
3042,sku_3062,0,0.0,-0.0
3043,sku_36,0,8.0,-8.0
3044,sku_3034,0,0.0,-0.0
3045,sku_3040,0,0.0,-0.0
3046,sku_6,7,1.0,6.0
3047,sku_3060,0,0.0,-0.0
3048,sku_24,0,1.0,-1.0
3049,sku_3,8,6.0,2.0
3050,sku_3045,0,0.0,-0.0
3051,sku_10,0,10.0,-10.0
3052,sku_37,5,3.0,2.0
3053,sku_3044,0,0.0,-0.0
3054,sku_2,4,4.0,0.0
3055,sku_32,0,1.0,-1.0
3056,sku_3036,0,0.0,-0.0
3057,sku_3031,0,0.0,-0.0
3058,sku_3038,0,0.0,-0.0
3059,sku_3058,0,0.0,-0.0
3060,sku_19,0,1.0,-1.0
3061,sku_7,6,2.0,4.0
3062,sku_2924,4,3.0,1.0
